availability,price,rating,reviews,stock,tax,title,upc
In stock (22 available),£51.77,Three,0,,£0.00,A Light in the Attic,a897fe39b1053632
In stock (19 available),£20.66,Four,0,,£0.00,Shakespeare's Sonnets,30a7f60cd76ca58c
In stock (20 available),£50.10,One,0,,£0.00,Soumission,6957f44c3847a760
In stock (19 available),£23.88,One,0,,£0.00,Olio,feb7cc7701ecf901
In stock (19 available),£57.25,Three,0,,£0.00,"Our Band Could Be Your Life: Scenes from the American Indie Underground, 1981-1991",deda3e61b9514b83
In stock (19 available),£17.46,Five,0,,£0.00,Set Me Free,ce6396b0f23f6ecc
In stock (19 available),£22.65,One,0,,£0.00,The Requiem Red,f77dbf2323deb740
In stock (19 available),£51.33,Two,0,,£0.00,Libertarianism for Beginners,a18a4f574854aced
In stock (19 available),£45.17,Two,0,,£0.00,It's Only the Himalayas,a22124811bfa8350
In stock (20 available),£53.74,One,0,,£0.00,Tipping the Velvet,90fa61229261140a
In stock (19 available),£35.02,Five,0,,£0.00,Rip it Up and Start Again,a34ba96d4081e6a4
In stock (20 available),£47.82,Four,0,,£0.00,Sharp Objects,e00eb4fd7b871a48
In stock (19 available),£17.93,Three,0,,£0.00,"The Coming Woman: A Novel Based on the Life of the Infamous Feminist, Victoria Woodhull",e72a5dfc7e9267b2
In stock (19 available),£13.99,Two,0,,£0.00,"Starving Hearts (Triangular Trade Trilogy, #1)",0312262ecafa5a40
In stock (19 available),£37.59,One,0,,£0.00,Mesaerion: The Best Science Fiction Stories 1800-1849,e30f54cea9b38190
In stock (19 available),£22.60,Four,0,,£0.00,The Boys in the Boat: Nine Americans and Their Epic Quest for Gold at the 1936 Berlin Olympics,e10e1e165dc8be4a
In stock (19 available),£52.29,Five,0,,£0.00,Scott Pilgrim's Precious Little Life (Scott Pilgrim #1),3b1c02bac2a429e6
In stock (19 available),£33.34,Four,0,,£0.00,The Dirty Little Secrets of Getting Your Dream Job,2597b5a345f45e1b
In stock (19 available),£52.15,One,0,,£0.00,The Black Maria,1dfe412b8ac00530
In stock (20 available),£54.23,Five,0,,£0.00,Sapiens: A Brief History of Humankind,4165285e1663650f
In stock (19 available),£30.52,Three,0,,£0.00,"Foolproof Preserving: A Guide to Small Batch Jams, Jellies, Pickles, Condiments, and More: A Foolproof Guide to Making Small Batch Jams, Jellies, Pickles, Condiments, and More",5674a18a29a43ced
In stock (19 available),£54.64,Three,0,,£0.00,Birdsong: A Story in Pictures,9528d0948525bf5f
In stock (19 available),£12.84,One,0,,£0.00,In Her Wake,23356462d1320d61
In stock (19 available),£22.50,Three,0,,£0.00,America's Cradle of Quarterbacks: Western Pennsylvania's Football Factory from Johnny Unitas to Joe Montana,c7d160c2c0de586f
In stock (19 available),£37.32,Two,0,,£0.00,How Music Works,327f68a59745c102
In stock (19 available),£25.27,Five,0,,£0.00,Chase Me (Paris Nights #2),c2e46a2ee3b4a322
In stock (19 available),£34.53,Five,0,,£0.00,Black Dust,00bfed9e18bb36f3
In stock (18 available),£36.89,One,0,,£0.00,The Bear and the Piano,9f6568e9c95f60b0
In stock (19 available),£53.13,Three,0,,£0.00,Aladdin and His Wonderful Lamp,904208d6aa64b655
In stock (18 available),£33.29,Three,0,,£0.00,Penny Maybe,668fe56b17cfcd4f
In stock (18 available),£17.66,Five,0,,£0.00,The Four Agreements: A Practical Guide to Personal Freedom,6258a1f6a6dcfe50
In stock (18 available),£52.22,Four,0,,£0.00,Behind Closed Doors,be5cc846f45496fb
In stock (18 available),£15.94,Five,0,,£0.00,Sophie's World,6be3beb0793a53e7
In stock (18 available),£18.02,Two,0,,£0.00,Maude (1883-1993):She Grew Up with the country,094b269567e1c300
In stock (18 available),£40.30,Five,0,,£0.00,Worlds Elsewhere: Journeys Around Shakespeare’s Globe,4c28def39d850cdf
In stock (18 available),£19.63,One,0,,£0.00,"In a Dark, Dark Wood",19ed25f4641d5efd
In stock (18 available),£31.05,Three,0,,£0.00,The Five Love Languages: How to Express Heartfelt Commitment to Your Mate,3c039985229453bf
In stock (17 available),£33.63,Two,0,,£0.00,You can't bury them all: Poems,55f9da0c5eea2e10
In stock (18 available),£23.82,Five,0,,£0.00,The Elephant Tree,5dada2b7be26bd03
In stock (18 available),£44.18,Four,0,,£0.00,Wall and Piece,ccd9ffa25efabdea
In stock (16 available),£45.22,Three,0,,£0.00,The Natural History of Us (The Fine Art of Pretending #2),cedf82b5086e4691
In stock (16 available),£17.27,Five,0,,£0.00,Thirst,709822d0b5bcb7f4
In stock (17 available),£47.61,Five,0,,£0.00,Private Paris (Private #10),b12b89017878a60d
In stock (16 available),£56.50,Four,0,,£0.00,The Past Never Ends,5ee94540d0749ea0
In stock (16 available),£14.27,Four,0,,£0.00,Untitled Collection: Sabbath Poems 2014,657fe5ead67a7767
In stock (16 available),£31.12,Three,0,,£0.00,Throwing Rocks at the Google Bus: How Growth Became the Enemy of Prosperity,7858914fad68493c
In stock (17 available),£26.41,Two,0,,£0.00,Reasons to Stay Alive,c8f7f0cb1abb9cac
In stock (16 available),£56.13,One,0,,£0.00,The Secret of Dreadwillow Carse,b5ea0b5dabed25a8
In stock (16 available),£18.78,Three,0,,£0.00,Unicorn Tracks,7ae099f3898e0209
In stock (16 available),£19.09,One,0,,£0.00,The Torch Is Passed: A Harding Family Story,4eed62cf5f8d8edf
In stock (16 available),£56.41,One,0,,£0.00,"The Pioneer Woman Cooks: Dinnertime: Comfort Classics, Freezer Food, 16-Minute Meals, and Other Delicious Ways to Solve Supper!",142d767a56a9254d
In stock (16 available),£45.07,Two,0,,£0.00,Without Borders (Wanderlove #1),acddfeab2a407640
In stock (16 available),£25.52,One,0,,£0.00,"Unbound: How Eight Technologies Made Us Human, Transformed Society, and Brought Our World to the Brink",9a9d6e9bc555731e
In stock (16 available),£50.27,Five,0,,£0.00,"We Love You, Charlie Freeman",8d455c7539795d2a
In stock (16 available),£16.28,One,0,,£0.00,Tsubasa: WoRLD CHRoNiCLE 2 (Tsubasa WoRLD CHRoNiCLE #2),09555be379ad9253
In stock (16 available),£44.18,Four,0,,£0.00,"Unseen City: The Majesty of Pigeons, the Discreet Charm of Snails & Other Wonders of the Urban Wilderness",d170b5a0da46380e
In stock (16 available),£19.49,Four,0,,£0.00,This One Summer,51653ef291ab7ddc
In stock (17 available),£23.11,Five,0,,£0.00,#HigherSelfie: Wake Up Your Life. Free Your Soul. Find Your Tribe.,c27f6e1f185b0383
In stock (17 available),£57.31,Three,0,,£0.00,Slow States of Collapse: Poems,b4fd5943413e089a
In stock (16 available),£31.77,One,0,,£0.00,When We Collided,3ecb690d1542c568
In stock (16 available),£39.58,Two,0,,£0.00,Soul Reader,e6af5bf1163c1151
In stock (16 available),£49.05,Three,0,,£0.00,"The Bulletproof Diet: Lose up to a Pound a Day, Reclaim Energy and Focus, Upgrade Your Life",43c6a960757cf559
In stock (16 available),£58.11,Four,0,,£0.00,The Death of Humanity: and the Case for Life,bd261725b99f5983
In stock (16 available),£56.06,One,0,,£0.00,The Electric Pencil: Drawings from Inside State Hospital No. 3,a30b270e25489e5c
In stock (16 available),£23.89,Four,0,,£0.00,"The Mindfulness and Acceptance Workbook for Anxiety: A Guide to Breaking Free from Anxiety, Phobias, and Worry Using Acceptance and Commitment Therapy",31075275518532d7
In stock (16 available),£16.77,Three,0,,£0.00,The Life-Changing Magic of Tidying Up: The Japanese Art of Decluttering and Organizing,0da9aa9d24677fc0
In stock (16 available),£50.40,Three,0,,£0.00,"Rat Queens, Vol. 3: Demons (Rat Queens (Collected Editions) #11-15)",c82a3e358c773c73
In stock (16 available),£54.11,Three,0,,£0.00,The Murder That Never Was (Forensic Instincts #5),d01ac97e2b8947c2
In stock (16 available),£51.04,Two,0,,£0.00,"Saga, Volume 5 (Saga (Collected Editions) #5)",53a3d11bb568cc8b
In stock (16 available),£38.16,Four,0,,£0.00,The Nameless City (The Nameless City #1),7d385d34d12e60ff
In stock (16 available),£40.76,Three,0,,£0.00,The Art Forger,80cfab6bcff3a244
In stock (16 available),£19.73,One,0,,£0.00,The Age of Genius: The Seventeenth Century and the Birth of the Modern Mind,a3d2a4250807f1e9
In stock (16 available),£20.59,Five,0,,£0.00,"The Inefficiency Assassin: Time Management Tactics for Working Smarter, Not Longer",8c9e6bf2467d740d
In stock (16 available),£41.83,Four,0,,£0.00,Spark Joy: An Illustrated Master Class on the Art of Organizing and Tidying Up,87b0615b6e1f4d7b
In stock (16 available),£32.24,Five,0,,£0.00,The Activist's Tao Te Ching: Ancient Advice for a Modern Revolution,7d6d2a6c0276f81b
In stock (16 available),£25.02,Three,0,,£0.00,"Saga, Volume 6 (Saga (Collected Editions) #6)",c849f0b2f5d6a742
In stock (16 available),£42.96,Four,0,,£0.00,The Most Perfect Thing: Inside (and Outside) a Bird's Egg,aadee1c326d286e3
In stock (16 available),£37.13,One,0,,£0.00,The Gutsy Girl: Escapades for Your Life of Epic Adventure,acd86a5426e21ca0
In stock (16 available),£14.07,Three,0,,£0.00,On a Midnight Clear,b757c0c361e689ce
In stock (16 available),£18.97,One,0,,£0.00,"Pop Gun War, Volume 1: Gift",e80f8e518b300dfe
In stock (16 available),£46.35,One,0,,£0.00,Online Marketing for Busy Authors: A Step-By-Step Guide,9ffa38d3b832433a
In stock (16 available),£13.61,Five,0,,£0.00,"Princess Jellyfish 2-in-1 Omnibus, Vol. 01 (Princess Jellyfish 2-in-1 Omnibus #1)",0fa6dceead7ce47a
In stock (16 available),£36.28,Two,0,,£0.00,"Political Suicide: Missteps, Peccadilloes, Bad Calls, Backroom Hijinx, Sordid Pasts, Rotten Breaks, and Just Plain Dumb Mistakes in the Annals of American Politics",7392c0032f92d816
In stock (16 available),£48.41,One,0,,£0.00,orange: The Complete Collection 1 (orange: The Complete Collection #1),11809b1d323b3057
In stock (16 available),£15.44,Four,0,,£0.00,"Outcast, Vol. 1: A Darkness Surrounds Him (Outcast #1)",889139b8e9c4cb36
In stock (16 available),£10.16,Three,0,,£0.00,Patience,9429b4d59c537af5
In stock (16 available),£13.34,Five,0,,£0.00,Princess Between Worlds (Wide-Awake Princess #5),0e691eda369f4e09
In stock (16 available),£35.67,Five,0,,£0.00,Join,18ad3ed896c7ce05
In stock (16 available),£39.25,Two,0,,£0.00,Security,6f78a0d744c35456
In stock (16 available),£19.83,Two,0,,£0.00,Reskilling America: Learning to Labor in the Twenty-First Century,d7310206583a54b6
In stock (16 available),£53.90,Two,0,,£0.00,Judo: Seven Steps to Black Belt (an Introductory Guide for Beginners),228f74b74f3a08ae
In stock (16 available),£40.11,One,0,,£0.00,"Layered: Baking, Building, and Styling Spectacular Cakes",7b75cc7f223791f4
In stock (16 available),£14.02,Four,0,,£0.00,"Mama Tried: Traditional Italian Cooking for the Screwed, Crude, Vegan, and Tattooed",72f9d5be3472d34e
In stock (16 available),£56.40,Two,0,,£0.00,Masks and Shadows,fa9610a50a1bf149
In stock (16 available),£45.61,Three,0,,£0.00,"Lumberjanes, Vol. 1: Beware the Kitten Holy (Lumberjanes #1-4)",b6ee99bcf06fc91f
In stock (16 available),£46.91,Two,0,,£0.00,"Lumberjanes, Vol. 2: Friendship to the Max (Lumberjanes #5-8)",460089f796fb3f82
In stock (16 available),£19.92,Two,0,,£0.00,Lumberjanes Vol. 3: A Terrible Plan (Lumberjanes #9-12),57e5a4d515c8ce44
In stock (16 available),£22.00,Four,0,,£0.00,In the Country We Love: My Family Divided,b136b1b180ca753a
In stock (16 available),£54.35,Two,0,,£0.00,Everydata: The Misinformation Hidden in the Little Data You Consume Every Day,311c0dd0e354a33e
In stock (16 available),£29.69,Three,0,,£0.00,Forever and Forever: The Courtship of Henry Longfellow and Fanny Appleton,9beb96a2300109d7
In stock (16 available),£21.96,One,0,,£0.00,Fifty Shades Darker (Fifty Shades #2),7add3f8e49ec0826
In stock (16 available),£22.11,Two,0,,£0.00,"Giant Days, Vol. 2 (Giant Days #5-8)",f2df3bb043a8abb0
In stock (16 available),£33.97,One,0,,£0.00,Her Backup Boyfriend (The Sorensen Family #1),2a97cffe61c3c4c7
In stock (16 available),£33.37,Two,0,,£0.00,My Paris Kitchen: Recipes and Stories,784bc2279baa878d
In stock (16 available),£14.86,Two,0,,£0.00,Obsidian (Lux #1),3c346ab1e76ae1f6
In stock (16 available),£57.36,Five,0,,£0.00,Immunity: How Elie Metchnikoff Changed the Course of Modern Medicine,e4f74c16de34d440
In stock (16 available),£37.97,Two,0,,£0.00,"Don't Be a Jerk: And Other Practical Advice from Dogen, Japan's Greatest Zen Master",fce19f9b4a943f22
In stock (16 available),£46.03,One,0,,£0.00,How to Be Miserable: 40 Strategies You Already Use,a6f99b9e687f9d46
In stock (16 available),£49.46,Two,0,,£0.00,Bossypants,74baabfc8fd84b38
In stock (16 available),£54.63,Three,0,,£0.00,I am a Hero Omnibus Volume 1,1c89ae5bb804e4de
In stock (16 available),£51.99,Four,0,,£0.00,Danganronpa Volume 1,09b6cc87e62c2c58
In stock (16 available),£29.17,Two,0,,£0.00,"I Hate Fairyland, Vol. 1: Madly Ever After (I Hate Fairyland (Compilations) #1-5)",8d4eefad7a2b3915
In stock (16 available),£15.97,Four,0,,£0.00,First and First (Five Boroughs #3),9e28048cea8d41f7
In stock (16 available),£28.09,Two,0,,£0.00,"Avatar: The Last Airbender: Smoke and Shadow, Part 3 (Smoke and Shadow #3)",6d5300b2d8f37e07
In stock (16 available),£37.92,Two,0,,£0.00,"Bitch Planet, Vol. 1: Extraordinary Machine (Bitch Planet (Collected Editions))",bdf415fd484ea8a7
In stock (16 available),£17.08,Four,0,,£0.00,Camp Midnight,7b599c8bfcdd8d30
In stock (16 available),£29.14,Five,0,,£0.00,Call the Nurse: True Stories of a Country Nurse on a Scottish Isle,bee3672891cca906
In stock (16 available),£36.72,Four,0,,£0.00,"Codename Baboushka, Volume 1: The Conclave of Death",8754c83ab2a7ae71
In stock (16 available),£28.81,Three,0,,£0.00,Burning,5ceb951f629700a2
In stock (16 available),£43.29,Three,0,,£0.00,Crown of Midnight (Throne of Glass #2),7267864328ae8b9d
In stock (16 available),£28.13,Four,0,,£0.00,A Fierce and Subtle Poison,842790dfaa937484
In stock (16 available),£54.00,Five,0,,£0.00,(Un)Qualified: How God Uses Broken People to Do Big Things,e4ac92d89b946781
In stock (15 available),£42.15,Four,0,,£0.00,The Vacationers,fd3a622648667296
In stock (15 available),£52.72,One,0,,£0.00,Thirteen Reasons Why,bc2a85fd35fdc7bd
In stock (15 available),£43.30,Four,0,,£0.00,"William Shakespeare's Star Wars: Verily, A New Hope (William Shakespeare's Star Wars #4)",9270575728a13a61
In stock (16 available),£42.95,One,0,,£0.00,A World of Flavor: Your Gluten Free Passport,70ed59f194b3c556
In stock (15 available),£58.08,Four,0,,£0.00,The White Cat and the Monk: A Retelling of the Poem “Pangur Bán”,37c0cb19713d8dda
In stock (16 available),£16.64,One,0,,£0.00,A Murder in Time,f733e8c19d40ec2e
In stock (16 available),£30.81,One,0,,£0.00,Algorithms to Live By: The Computer Science of Human Decisions,38d45839cb1c83c1
In stock (16 available),£52.37,One,0,,£0.00,A Court of Thorns and Roses (A Court of Thorns and Roses #1),01d2001ac1e6f8a3
In stock (15 available),£35.07,Three,0,,£0.00,Throne of Glass (Throne of Glass #1),590a9cccf7db9f7d
In stock (16 available),£56.76,Five,0,,£0.00,"A Piece of Sky, a Grain of Rice: A Memoir in Four Meditations",8a380641491d43ed
In stock (15 available),£24.12,One,0,,£0.00,The Wedding Dress,623e1a180426039b
In stock (16 available),£55.53,Five,0,,£0.00,A Flight of Arrows (The Pathfinders #2),3a6fb983e2554023
In stock (15 available),£21.04,Two,0,,£0.00,Tuesday Nights in 1980,b8736690cf263a3c
In stock (15 available),£21.87,Four,0,,£0.00,You Are What You Love: The Spiritual Power of Habit,796c87ddbbaaf8c5
In stock (15 available),£59.64,One,0,,£0.00,Thomas Jefferson and the Tripoli Pirates: The Forgotten War That Changed American History,de3f25248ba0789f
In stock (15 available),£12.61,Five,0,,£0.00,The Third Wave: An Entrepreneur’s Vision of the Future,3bebf34ee9330cbd
In stock (15 available),£17.44,Four,0,,£0.00,The Stranger,f5a92cff83897d48
In stock (15 available),£41.60,Three,0,,£0.00,Tracing Numbers on a Train,d7d6d50c1e3d0b81
In stock (15 available),£23.15,Two,0,,£0.00,The Emerald Mystery,d6670dfe3e7b42bd
In stock (15 available),£37.60,Two,0,,£0.00,The Love and Lemons Cookbook: An Apple-to-Zucchini Celebration of Impromptu Cooking,e28e330cbdf01126
In stock (15 available),£51.36,Five,0,,£0.00,The Regional Office Is Under Attack!,0651062381f0636a
In stock (15 available),£43.29,Three,0,,£0.00,The Mistake (Off-Campus #2),99ff4cc6491e8f5c
In stock (15 available),£27.37,Four,0,,£0.00,The Secret (The Secret #1),961f18db4f138211
In stock (15 available),£55.02,Two,0,,£0.00,The Girl on the Train,e956d67c9bcc5809
In stock (15 available),£55.85,One,0,,£0.00,The Matchmaker's Playbook (Wingmen Inc. #1),08db62f24627e71f
In stock (15 available),£44.28,One,0,,£0.00,The Glittering Court (The Glittering Court #1),2dbb7ec08cdd7f3c
In stock (15 available),£33.14,One,0,,£0.00,The Shadow Hero (The Shadow Hero),d6361d16212664ed
In stock (15 available),£36.95,One,0,,£0.00,The House by the Lake,9287e238d7c3b06e
In stock (15 available),£41.82,Four,0,,£0.00,The Kite Runner,eac1a180047ad54e
In stock (15 available),£17.24,One,0,,£0.00,The Genius of Birds,42d0d7c92b75fc1c
In stock (15 available),£41.25,One,0,,£0.00,The Cookies & Cups Cookbook: 125+ sweet & savory recipes reminding you to Always Eat Dessert First,96a38e7c813d8f1d
In stock (15 available),£10.97,One,0,,£0.00,The Long Shadow of Small Ghosts: Murder and Memory in an American City,abeafe151a587d3b
In stock (15 available),£10.65,One,0,,£0.00,The Project,790ef197c8f236f5
In stock (15 available),£36.00,Two,0,,£0.00,The Psychopath Test: A Journey Through the Madness Industry,e98a4efa85070c2f
In stock (15 available),£44.10,Four,0,,£0.00,The Murder of Roger Ackroyd (Hercule Poirot #4),c7b5183f4d1d4efe
In stock (15 available),£43.54,Two,0,,£0.00,The Power of Now: A Guide to Spiritual Enlightenment,8ec14b1576cb7cb5
In stock (15 available),£38.21,Two,0,,£0.00,The Omnivore's Dilemma: A Natural History of Four Meals,209adad1015af86f
In stock (15 available),£43.55,Five,0,,£0.00,Scarlett Epstein Hates It Here,1c929cfd16b71907
In stock (15 available),£37.34,Five,0,,£0.00,The Nerdy Nummies Cookbook: Sweet Treats for the Geek in All of Us,e4c7f3487d17fd42
In stock (15 available),£41.06,One,0,,£0.00,Poses for Artists Volume 1 - Dynamic and Sitting Poses: An Essential Reference for Figure Drawing and the Human Form,d9c643fa1fc57bdb
In stock (15 available),£33.34,Five,0,,£0.00,The Art of War,e7469e22b5bfb3e7
In stock (15 available),£55.99,Two,0,,£0.00,Suddenly in Love (Lake Haven #1),203b7f94b7d6115f
In stock (15 available),£10.93,Two,0,,£0.00,The Argonauts,c99761a700ade23f
In stock (15 available),£41.05,One,0,,£0.00,Night Sky with Exit Wounds,cfeb1e1e0e695b58
In stock (15 available),£20.27,One,0,,£0.00,Secrets and Lace (Fatal Hearts #1),ad04ad9fc179fc5d
In stock (15 available),£38.49,Five,0,,£0.00,The Artist's Way: A Spiritual Path to Higher Creativity,dd047728de72ad62
In stock (15 available),£20.47,Five,0,,£0.00,Redeeming Love,b53db2271c9624f7
In stock (15 available),£29.06,Three,0,,£0.00,"Shobu Samurai, Project Aryoku (#3)",0c27e6c3744fc14b
In stock (15 available),£32.00,Three,0,,£0.00,The Bridge to Consciousness: I'm Writing the Bridge Between Science and Our Old and New Beliefs.,efc3768127714ec3
In stock (15 available),£14.19,Four,0,,£0.00,Poems That Make Grown Women Cry,31001a1210623bd4
In stock (15 available),£23.99,Two,0,,£0.00,Shoe Dog: A Memoir by the Creator of NIKE,0e0dcc3339602b28
In stock (15 available),£38.28,One,0,,£0.00,"Nightingale, Sing",50b8f80311b31ede
In stock (15 available),£12.23,Two,0,,£0.00,So You've Been Publicly Shamed,1b33663ad7b95fd8
In stock (15 available),£16.24,Four,0,,£0.00,Something More Than This,ca71e72655bece85
In stock (15 available),£30.25,Five,0,,£0.00,Mrs. Houdini,a40723994f715420
In stock (15 available),£36.94,One,0,,£0.00,Romero and Juliet: A Tragic Tale of Love and Zombies,e656e280bc8edd56
In stock (15 available),£27.55,Three,0,,£0.00,The 10% Entrepreneur: Live Your Startup Dream Without Quitting Your Day Job,56e4f9eab2e8e674
In stock (15 available),£26.12,Two,0,,£0.00,Soft Apocalypse,2a70769cdc6eb8b8
In stock (15 available),£22.16,Two,0,,£0.00,Grumbles,d163dd6c352fbcd2
In stock (15 available),£21.36,One,0,,£0.00,Follow You Home,8585760646e3aa2a
In stock (15 available),£37.72,Five,0,,£0.00,Done Rubbed Out (Reightman & Bailey #1),f6d967cdadc6fbd9
In stock (15 available),£29.99,Five,0,,£0.00,Frostbite (Vampire Academy #2),116a2fdc9a45bab0
In stock (15 available),£10.76,One,0,,£0.00,Miss Peregrine’s Home for Peculiar Children (Miss Peregrine’s Peculiar Children #1),af96613fdd793a3c
In stock (15 available),£13.47,Three,0,,£0.00,Little Red,4aa03792b50f0b22
In stock (15 available),£16.85,Two,0,,£0.00,Louisa: The Extraordinary Life of Mrs. Adams,d69dd8dac66f9f84
In stock (15 available),£49.43,Four,0,,£0.00,Full Moon over Noah’s Ark: An Odyssey to Mount Ararat and Beyond,ce60436f52c5ee68
In stock (15 available),£41.62,Four,0,,£0.00,"Fables, Vol. 1: Legends in Exile (Fables #1)",65d034adf80834b7
In stock (15 available),£42.98,One,0,,£0.00,Hollow City (Miss Peregrine’s Peculiar Children #2),4ce91d31c1e57c33
In stock (15 available),£35.61,Three,0,,£0.00,Doing It Over (Most Likely To #1),3a11bb962ff45b78
In stock (15 available),£29.00,One,0,,£0.00,First Steps for New Christians (Print Edition),2f88b08bf0a0e367
In stock (15 available),£28.26,Five,0,,£0.00,Modern Romance,caf4fe9311f1dc59
In stock (15 available),£34.95,Four,0,,£0.00,Drive: The Surprising Truth About What Motivates Us,6ffb36aaeff1c81e
In stock (15 available),£57.36,Four,0,,£0.00,I Had a Nice Time And Other Lies...: How to find love & sh*t like that,fd8585283fc7d2d7
In stock (15 available),£48.56,Five,0,,£0.00,Library of Souls (Miss Peregrine’s Peculiar Children #3),ba54932df84e8cea
In stock (15 available),£54.59,Four,0,,£0.00,Eureka Trivia 6.0,29c0025455f8c585
In stock (15 available),£53.53,Five,0,,£0.00,Finders Keepers (Bill Hodges Trilogy #2),edb3097e71330040
In stock (15 available),£19.15,Two,0,,£0.00,Large Print Heart of the Pride,c1afd71fc86bf682
In stock (15 available),£42.16,Three,0,,£0.00,"Deliciously Ella Every Day: Quick and Easy Recipes for Gluten-Free Snacks, Packed Lunches, and Simple Meals",46c1530d7546ea6d
In stock (15 available),£30.80,Three,0,,£0.00,Big Magic: Creative Living Beyond Fear,1f329c2e7d7de8bd
In stock (15 available),£15.38,Five,0,,£0.00,Batman: The Dark Knight Returns (Batman),47271d8e08b5d31c
In stock (14 available),£14.36,Two,0,,£0.00,Wild Swans,3fb15ace50d6142b
In stock (15 available),£49.46,Four,0,,£0.00,Close to You,a57b1dcbd6849222
In stock (15 available),£11.11,Two,0,,£0.00,Beauty Restored (Riley Family Legacy Novellas #3),3f69e667a67e54d9
In stock (15 available),£36.50,Two,0,,£0.00,Batman: The Long Halloween (Batman),7edc0527cf782e19
In stock (15 available),£19.19,Five,0,,£0.00,Dark Notes,88c21fcd38e2486e
In stock (15 available),£19.43,Three,0,,£0.00,"Daring Greatly: How the Courage to Be Vulnerable Transforms the Way We Live, Love, Parent, and Lead",3b9a3b4624b7fd6d
In stock (14 available),£37.34,Four,0,,£0.00,"Wonder Woman: Earth One, Volume One (Wonder Woman: Earth One #1)",047097293bb4d1c0
In stock (15 available),£12.51,Five,0,,£0.00,Agnostic: A Spirited Manifesto,d195e7f4ed697350
In stock (15 available),£50.54,Five,0,,£0.00,Amatus,ffd54178acc9a6a5
In stock (15 available),£36.58,One,0,,£0.00,Amid the Chaos,bb8245f52c7cce8f
In stock (15 available),£18.46,Three,0,,£0.00,Amy Meets the Saints and Sages,7ebfa6c1bee69e1e
In stock (15 available),£46.82,Four,0,,£0.00,Anonymous,d24b829be2ca81c4
In stock (15 available),£15.48,Two,0,,£0.00,Ayumi's Violin,05f7c6d9a4e582d3
In stock (14 available),£24.70,Three,0,,£0.00,Zealot: The Life and Times of Jesus of Nazareth,dd5bfa6cc2c0ecc3
In stock (15 available),£27.43,Two,0,,£0.00,Becoming Wise: An Inquiry into the Mystery and Art of Living,919e7cb2269a25d2
In stock (14 available),£52.65,Four,0,,£0.00,Why the Right Went Wrong: Conservatism--From Goldwater to the Tea Party and Beyond,2b5054a4192e9b06
In stock (15 available),£37.80,Two,0,,£0.00,Chasing Heaven: What Dying Taught Me About Living,513271dadc1322ae
In stock (14 available),£43.61,Five,0,,£0.00,You (You #1),024387ca4cafd5cc
In stock (14 available),£46.31,Two,0,,£0.00,Until Friday Night (The Field Party #1),aba2db9afb1469c7
In stock (14 available),£27.12,Two,0,,£0.00,This Is Where It Ends,f0f38174a7e689a3
In stock (14 available),£45.95,Two,0,,£0.00,"Unbroken: A World War II Story of Survival, Resilience, and Redemption",76c84daa539426e2
In stock (14 available),£53.90,One,0,,£0.00,"We Are Robin, Vol. 1: The Vigilante Business (We Are Robin #1)",92275cedf6d8ee15
In stock (14 available),£37.40,Five,0,,£0.00,The Song of Achilles,e88fb1c9397cfb27
In stock (14 available),£22.08,Two,0,,£0.00,Twenty Yawns,1d6443ffba9dfd80
In stock (14 available),£27.88,Five,0,,£0.00,The Time Keeper,e9906e2f0d189745
In stock (14 available),£44.48,Five,0,,£0.00,The Songs of the Gods,00c4543ec6bd25b4
In stock (14 available),£12.96,Five,0,,£0.00,Walt Disney's Alice in Wonderland,6a31307a81e8f3a8
In stock (14 available),£38.20,Four,0,,£0.00,Whole Lotta Creativity Going On: 60 Fun and Unusual Exercises to Awaken and Strengthen Your Creativity,44a10f1ac8ce822e
In stock (14 available),£19.60,Two,0,,£0.00,What's It Like in Space?: Stories from Astronauts Who've Been There,6fd646a334e6e133
In stock (14 available),£25.38,Two,0,,£0.00,Through the Woods,6e44bcbeac7f4360
In stock (14 available),£56.80,Four,0,,£0.00,The Wright Brothers,08b2f71d93836313
In stock (14 available),£43.04,Two,0,,£0.00,The Year of Magical Thinking,34c0d7c4ee5650af
In stock (14 available),£54.04,One,0,,£0.00,The Rosie Project (Don Tillman #1),012094e90a4b908d
In stock (14 available),£32.61,Three,0,,£0.00,The Wedding Pact (The O'Malleys #2),c5cb9f885d8b3621
In stock (14 available),£25.91,Five,0,,£0.00,The White Queen (The Cousins' War #1),6875c5657661b2fb
In stock (14 available),£52.67,Four,0,,£0.00,The Testament of Mary,081305e6df719dff
In stock (14 available),£46.02,Five,0,,£0.00,The Star-Touched Queen,1528279aec1f3dce
In stock (14 available),£37.10,Four,0,,£0.00,V for Vendetta (V for Vendetta Complete),4a1debca3135ff37
In stock (14 available),£16.88,Three,0,,£0.00,The Power of Habit: Why We Do What We Do in Life and Business,6bdd909329435e80
In stock (14 available),£23.40,One,0,,£0.00,The Loney,2d88a31f325dfd3b
In stock (14 available),£35.35,Five,0,,£0.00,The Darkest Lie,6edacfd1f8ebb9eb
In stock (14 available),£44.07,One,0,,£0.00,The Long Haul (Diary of a Wimpy Kid #9),f21effc079a2b38a
In stock (14 available),£40.67,Two,0,,£0.00,The Immortal Life of Henrietta Lacks,f72f61ad6a5f12ed
In stock (14 available),£25.85,Three,0,,£0.00,The First Hostage (J.B. Collins #2),a86972014275e072
In stock (14 available),£54.21,Two,0,,£0.00,The Last Mile (Amos Decker #2),3bc89353f7e3a3cc
In stock (14 available),£39.24,One,0,,£0.00,The 14th Colony (Cotton Malone #11),1b8187fa4bf6ab05
In stock (14 available),£15.77,One,0,,£0.00,The Bad-Ass Librarians of Timbuktu: And Their Race to Save the World’s Most Precious Manuscripts,923831a05c9f91f7
In stock (14 available),£13.92,One,0,,£0.00,That Darkness (Gardiner and Renner #1),0c7b9cf2b7662b65
In stock (14 available),£44.73,Four,0,,£0.00,The Bane Chronicles (The Bane Chronicles #1-11),dc6f688b82e42a5b
In stock (14 available),£13.82,Two,0,,£0.00,The Guilty (Will Robie #4),847935fc68707426
In stock (14 available),£48.78,One,0,,£0.00,The Dovekeepers,3d76bc83c6b644c9
In stock (14 available),£10.69,One,0,,£0.00,Tastes Like Fear (DI Marnie Rome #3),2d1e337aaf341858
In stock (14 available),£28.77,Three,0,,£0.00,The Help Yourself Cookbook for Kids: 60 Easy Plant-Based Recipes Kids Can Make to Stay Healthy and Save the Earth,ddc8340dabc8641b
In stock (14 available),£10.40,One,0,,£0.00,The Lucifer Effect: Understanding How Good People Turn Evil,4e812d32d64e2431
In stock (14 available),£52.26,Two,0,,£0.00,The Hidden Oracle (The Trials of Apollo #1),992974ba6a0536ea
In stock (14 available),£45.21,Three,0,,£0.00,Take Me with You,2c04320e110a14a3
In stock (14 available),£28.08,Four,0,,£0.00,The Marriage of Opposites,52cf2a5933ec5d8f
In stock (14 available),£17.43,Three,0,,£0.00,The Literature Book (Big Ideas Simply Explained),4881cc53f6c8892f
In stock (14 available),£11.83,Five,0,,£0.00,Old School (Diary of a Wimpy Kid #10),02b74068fa98d8a4
In stock (14 available),£48.87,Three,0,,£0.00,See America: A Celebration of Our National Parks & Treasured Sites,f9705c362f070608
In stock (14 available),£44.74,Four,0,,£0.00,Sorting the Beef from the Bull: The Science of Food Fraud Forensics,3edcccc4f341fb1a
In stock (14 available),£35.43,Four,0,,£0.00,"So Cute It Hurts!!, Vol. 6 (So Cute It Hurts!! #6)",394f6d30cafc3edb
In stock (14 available),£50.89,Five,0,,£0.00,"Quarter Life Poetry: Poems for the Young, Broke and Hangry",aa35446aab16017f
In stock (14 available),£10.56,Three,0,,£0.00,Pet Sematary,af58a74e4b2a23a0
In stock (14 available),£39.50,Five,0,,£0.00,Steve Jobs,95019eac1c0a052f
In stock (14 available),£23.57,Three,0,,£0.00,Rain Fish,a6454e329f872b78
In stock (14 available),£25.48,Two,0,,£0.00,"Red Hood/Arsenal, Vol. 1: Open for Business (Red Hood/Arsenal #1)",31e2e2d9cca3778f
In stock (14 available),£52.79,Five,0,,£0.00,Someone Like You (The Harrisons #2),a278db6b2b09cf9f
In stock (14 available),£45.58,One,0,,£0.00,Swell: A Year of Waves,4c8b7540409da4ac
In stock (14 available),£47.82,Three,0,,£0.00,Robin War,85b2176b3b194030
In stock (14 available),£26.41,Three,0,,£0.00,Still Life with Bread Crumbs,fe44cc816576c652
In stock (14 available),£38.39,Two,0,,£0.00,"Naruto (3-in-1 Edition), Vol. 14: Includes Vols. 40, 41 & 42 (Naruto: Omnibus #14)",71e36f33981ddb74
In stock (14 available),£11.89,Five,0,,£0.00,Superman Vol. 1: Before Truth (Superman by Gene Luen Yang #1),ac8e3949d284e9a9
In stock (14 available),£52.15,Three,0,,£0.00,"Overload: How to Unplug, Unwind, and Unleash Yourself from the Pressure of Stress",8ecf0356a3878811
In stock (14 available),£46.78,Four,0,,£0.00,salt.,86cbddb61ea78bb7
In stock (14 available),£55.84,Four,0,,£0.00,Shtum,830fb3967c74866d
In stock (14 available),£21.95,Two,0,,£0.00,No Dream Is Too High: Life Lessons From a Man Who Walked on the Moon,132ec5e8c984adef
In stock (14 available),£18.28,Two,0,,£0.00,Once Was a Time,e34efcc824685332
In stock (14 available),£40.36,One,0,,£0.00,My Kind of Crazy,137b0b2775701e11
In stock (14 available),£47.02,Three,0,,£0.00,"Hush, Hush (Hush, Hush #1)",6b6cd77fbc91b7a6
In stock (14 available),£24.48,Three,0,,£0.00,My Mrs. Brown,cc82685d9f49bc2c
In stock (14 available),£41.56,One,0,,£0.00,My Name Is Lucy Barton,727bf2b86b19ad88
In stock (14 available),£29.65,One,0,,£0.00,Island of Dragons (Unwanteds #7),2b52334fab158861
In stock (14 available),£10.60,Four,0,,£0.00,I Am Pilgrim (Pilgrim #1),aeff7b87a8e83ebb
In stock (14 available),£53.95,Three,0,,£0.00,Luis Paints the World,5b43cae640f2338a
In stock (14 available),£49.83,Three,0,,£0.00,Luckiest Girl Alive,d512871626a5e588
In stock (14 available),£51.51,Two,0,,£0.00,Lowriders to the Center of the Earth (Lowriders in Space #2),a10c7515834240f3
In stock (14 available),£25.98,Four,0,,£0.00,I Know What I'm Doing -- and Other Lies I Tell Myself: Dispatches from a Life Under Construction,b8a8ff84233f0570
In stock (14 available),£26.79,Five,0,,£0.00,Let It Out: A Journey Through Journaling,1174156c4a0eccaa
In stock (14 available),£14.75,Five,0,,£0.00,"Hyperbole and a Half: Unfortunate Situations, Flawed Coping Mechanisms, Mayhem, and Other Things That Happened",fbb21a2f71f4d981
In stock (14 available),£19.55,One,0,,£0.00,"It's All Easy: Healthy, Delicious Weeknight Meals in under 30 Minutes",245e6bf08b8d2955
In stock (14 available),£16.28,Five,0,,£0.00,Lady Midnight (The Dark Artifices #1),708345c9897fd7c5
In stock (14 available),£46.91,Four,0,,£0.00,"Living Leadership by Insight: A Good Leader Achieves, a Great Leader Builds Monuments",17fb5a88180f9904
In stock (14 available),£29.14,Five,0,,£0.00,Looking for Lovely: Collecting the Moments that Matter,24af96df0bafb925
In stock (14 available),£18.03,One,0,,£0.00,Love Is a Mix Tape (Music #1),adb5f51c2e2ab13f
In stock (14 available),£38.85,Five,0,,£0.00,Made to Stick: Why Some Ideas Survive and Others Die,b96fc7a0ea7d4b45
In stock (14 available),£37.61,Two,0,,£0.00,More Than Music (Chasing the Dream #1),47d47155e89c8be7
In stock (14 available),£28.90,One,0,,£0.00,Mr. Mercedes (Bill Hodges Trilogy #1),caa2e5b3fb1b2d4c
In stock (14 available),£55.35,One,0,,£0.00,Don't Get Caught,ad2887ce04583910
In stock (14 available),£30.03,Five,0,,£0.00,God: The Most Unpleasant Character in All Fiction,eec424a84c9e4c68
In stock (14 available),£15.06,Four,0,,£0.00,"Far & Away: Places on the Brink of Change: Seven Continents, Twenty-Five Years",ac4dde0d1be05de0
In stock (14 available),£46.47,Three,0,,£0.00,Every Last Word,a2bd4ca82d908442
In stock (14 available),£49.05,Three,0,,£0.00,Feathers: Displays of Brilliant Plumage,9194ae88379dbf1a
In stock (14 available),£10.23,Five,0,,£0.00,Greek Mythic History,f201f263d8c23f97
In stock (14 available),£28.82,One,0,,£0.00,Hold Your Breath (Search and Rescue #1),0b165bd4b9f42fd5
In stock (14 available),£27.09,Three,0,,£0.00,Eligible (The Austen Project #4),9eaf58b03a2779cc
In stock (14 available),£25.01,Three,0,,£0.00,Cometh the Hour (The Clifton Chronicles #6),28cf0d1c51b491e5
In stock (14 available),£11.21,Five,0,,£0.00,Dear Mr. Knightley,94a958ea126cdcd5
In stock (14 available),£37.51,Five,0,,£0.00,Demigods & Magicians: Percy and Annabeth Meet the Kanes (Percy Jackson & Kane Chronicles Crossover #1-3),3c6fe637a0180b01
In stock (14 available),£58.79,Three,0,,£0.00,Hamilton: The Revolution,afa829857f82f99e
In stock (14 available),£45.84,Three,0,,£0.00,Glory over Everything: Beyond The Kitchen House,de4b403cb629a29f
In stock (14 available),£36.58,One,0,,£0.00,Daily Fantasy Sports,0e94a089328be4bc
In stock (14 available),£47.72,Two,0,,£0.00,Crazy Love: Overwhelmed by a Relentless God,4b9d9cfe0f435788
In stock (14 available),£40.12,Two,0,,£0.00,Doctor Sleep (The Shining #2),bf5de316a5e9a4ab
In stock (14 available),£14.39,Four,0,,£0.00,Eight Hundred Grapes,1d6dd0c87d90fe92
In stock (14 available),£54.07,Two,0,,£0.00,"Eat Fat, Get Thin",047dfa57ba0bf638
In stock (14 available),£51.75,Five,0,,£0.00,"Eaternity: More than 150 Deliciously Easy Vegan Recipes for a Long, Healthy, Satisfied, Joyful Life",a01f6d368ef64dc5
In stock (14 available),£57.62,Five,0,,£0.00,El Deafo,27c5968fe43cc06e
In stock (14 available),£37.80,Four,0,,£0.00,Buying In: The Secret Dialogue Between What We Buy and Who We Are,16ef91b9d827859c
In stock (14 available),£56.02,Four,0,,£0.00,City of Glass (The Mortal Instruments #3),966ebb738e0f9d9b
In stock (14 available),£46.23,Two,0,,£0.00,Carrie,5f22418922fa728b
In stock (14 available),£44.14,One,0,,£0.00,Clockwork Angel (The Infernal Devices #1),42b0c50fc44140ec
In stock (14 available),£34.20,Two,0,,£0.00,Angels Walking (Angels Walking #1),1fbb5f786e53a0ce
In stock (14 available),£20.29,Four,0,,£0.00,Cell,bfbb54bc8cdeed2b
In stock (14 available),£50.83,Three,0,,£0.00,Catching Jordan (Hundred Oaks),e2e7b683b4c15b7d
In stock (14 available),£49.32,Five,0,,£0.00,Brain on Fire: My Month of Madness,a80f66b254fe9eb3
In stock (14 available),£51.48,Three,0,,£0.00,Angels & Demons (Robert Langdon #1),ad41c24ccac0c7ce
In stock (14 available),£22.13,Four,0,,£0.00,Code Name Verity (Code Name Verity #1),33a3e0e3ffde0dcd
In stock (14 available),£58.14,Four,0,,£0.00,Aristotle and Dante Discover the Secrets of the Universe (Aristotle and Dante Discover the Secrets of the Universe #1),41164b8ac02a2c42
In stock (14 available),£32.01,Two,0,,£0.00,Batman: Europa,bf68dcb5fad3cc8c
In stock (14 available),£50.62,Five,0,,£0.00,Barefoot Contessa at Home: Everyday Recipes You'll Make Over and Over Again,0e0da9192a025efc
In stock (14 available),£47.27,One,0,,£0.00,City of Ashes (The Mortal Instruments #2),8a6ec2761f91dad2
In stock (14 available),£17.03,Three,0,,£0.00,Balloon Animals,9b65f676984c9f0c
In stock (14 available),£28.01,One,0,,£0.00,Barefoot Contessa Back to Basics,999912e63a3262ae
In stock (14 available),£43.28,One,0,,£0.00,City of Bones (The Mortal Instruments #1),5b987e54ee72525c
In stock (14 available),£48.80,Three,0,,£0.00,Art Ops Vol. 1,ffdc825785c0ede8
In stock (14 available),£31.85,Three,0,,£0.00,"Carry On, Warrior: Thoughts on Life Unarmed",1b0fc9f777cad045
In stock (14 available),£11.23,Four,0,,£0.00,City of Fallen Angels (The Mortal Instruments #4),1e264c677d4ee4ae
In stock (14 available),£14.58,Three,0,,£0.00,A Distant Mirror: The Calamitous 14th Century,d5e0526e1ab682a3
In stock (12 available),£32.30,Five,0,,£0.00,The Star-Touched Queen,4a7a25be293ad678
In stock (14 available),£56.48,Two,0,,£0.00,"A Series of Catastrophes and Miracles: A True Story of Love, Science, and Cancer",c1379d3744f1dd2c
In stock (14 available),£39.72,One,0,,£0.00,A Man Called Ove,8682c03de6a844ff
In stock (14 available),£10.90,Two,0,,£0.00,"Adulthood Is a Myth: A ""Sarah's Scribbles"" Collection",5319169a72714c62
In stock (14 available),£29.87,Five,0,,£0.00,All the Light We Cannot See,39861fc1c0845d15
In stock (12 available),£13.86,Three,0,,£0.00,Will You Won't You Want Me?,077b635ff2afc578
In stock (13 available),£37.86,Four,0,,£0.00,Rook,44d97b6707dae3f0
In stock (14 available),£40.79,Two,0,,£0.00,A People's History of the United States,1ad06aed9349af46
In stock (14 available),£56.37,Five,0,,£0.00,Abstract City,cf1aa2fc02a7d1e0
In stock (14 available),£48.35,Five,0,,£0.00,A Time of Torment (Charlie Parker #14),4416c474713ec1f5
In stock (13 available),£13.33,Three,0,,£0.00,"The Three Searches, Meaning, and the Story",ac5e0d3938caf686
In stock (14 available),£16.73,Two,0,,£0.00,A Study in Scarlet (Sherlock Holmes #1),63ee5bc46066a8a8
In stock (12 available),£46.29,Five,0,,£0.00,The Silent Sister (Riley MacPherson #1),ce1ae197ada2aec4
In stock (14 available),£21.80,Three,0,,£0.00,1491: New Revelations of the Americas Before Columbus,6e8e5626ac4d279e
In stock (12 available),£37.55,One,0,,£0.00,Tipping Point for Planet Earth: How Close Are We to the Edge?,148715df5a02ea5e
In stock (13 available),£27.06,One,0,,£0.00,13 Hours: The Inside Account of What Really Happened In Benghazi,4be9d1910f8a4e80
In stock (14 available),£55.51,One,0,,£0.00,A Brush of Wings (Angels Walking #3),01a177623cce9596
In stock (13 available),£38.73,One,0,,£0.00,Searching for Meaning in Gailana,2f0213137a80d485
In stock (13 available),£11.53,Two,0,,£0.00,My Kitchen Year: 136 Recipes That Saved My Life,8bbd7df8a324f31d
In stock (12 available),£35.28,Three,0,,£0.00,Most Wanted,c039f5aceb093537
In stock (12 available),£26.20,One,0,,£0.00,The Midnight Watch: A Novel of the Titanic and the Californian,14e44163678e24dc
In stock (12 available),£54.36,Four,0,,£0.00,Murder at the 42nd Street Library (Raymond Ambler #1),e7fe3bf2768602cf
In stock (12 available),£36.97,Five,0,,£0.00,Psycho: Sanitarium (Psycho #1.5),b8d7b3f5c7a95d65
In stock (12 available),£15.71,Four,0,,£0.00,One with You (Crossfire #5),81ef44fcc5f454df
In stock (12 available),£33.26,Two,0,,£0.00,The Lonely City: Adventures in the Art of Being Alone,582a21a1dbbef3cf
In stock (12 available),£39.43,One,0,,£0.00,The Golden Condom: And Other Essays on Love Lost and Found,235fa48eeed11d82
In stock (12 available),£54.65,Four,0,,£0.00,No Love Allowed (Dodge Cove #1),db84624b151cbe06
In stock (12 available),£49.67,Four,0,,£0.00,Raspberry Pi Electronics Projects for the Evil Genius,ebf81a62e4798fd1
In stock (12 available),£14.44,Five,0,,£0.00,The Epidemic (The Program 0.6),f732d7d18a91d2ba
In stock (12 available),£11.88,Three,0,,£0.00,The Children,64fd010bf8d15096
In stock (12 available),£43.14,One,0,,£0.00,Quench Your Own Thirst: Business Lessons Learned Over a Beer or Two,8976d9161c027142
In stock (12 available),£48.05,Two,0,,£0.00,Stars Above (The Lunar Chronicles #4.5),b63ea3f7a57ae099
In stock (12 available),£21.21,Three,0,,£0.00,Snatched: How A Drug Queen Went Undercover for the DEA and Was Kidnapped By Colombian Guerillas,f40fea200e0c644f
In stock (12 available),£59.90,Three,0,,£0.00,The Diary of a Young Girl,54fc03f1e1d355db
In stock (12 available),£59.15,Four,0,,£0.00,The Gray Rhino: How to Recognize and Act on the Obvious Dangers We Ignore,3063c7e95d0bf76f
In stock (12 available),£56.54,Two,0,,£0.00,The Dinner Party,c6ca293d4810e0d5
In stock (12 available),£58.32,Five,0,,£0.00,How to Speak Golf: An Illustrated Guide to Links Lingo,b978c9852cde91bd
In stock (12 available),£20.55,Two,0,,£0.00,"Love, Lies and Spies",9546d537fbf99eb6
In stock (12 available),£26.80,Three,0,,£0.00,Poisonous (Max Revere Novels #3),abdd91e96515a617
In stock (11 available),£13.71,Three,0,,£0.00,Playing with Fire,05a61a3bd8ca4149
In stock (12 available),£38.77,One,0,,£0.00,"A la Mode: 120 Recipes in 60 Pairings: Pies, Tarts, Cakes, Crisps, and More Topped with Ice Cream, Gelato, Frozen Custard, and More",a4eef523118805ef
In stock (11 available),£21.00,Three,0,,£0.00,The Art of Startup Fundraising,1c584f82a7a1c4f0
In stock (11 available),£27.26,Two,0,,£0.00,The Widow,6159d8b187831770
In stock (12 available),£48.64,One,0,,£0.00,Can You Keep a Secret? (Fear Street Relaunch #4),d069086944f2e330
In stock (11 available),£11.68,Four,0,,£0.00,"The Sleep Revolution: Transforming Your Life, One Night at a Time",985991708c47003e
In stock (12 available),£39.01,Four,0,,£0.00,A Paris Apartment,63343e287971bb0c
In stock (12 available),£40.83,Four,0,,£0.00,Dirty (Dive Bar #1),df7e628bad5782b4
In stock (11 available),£59.45,One,0,,£0.00,The Improbability of Love,437d8dea9272d0a9
In stock (12 available),£56.86,One,0,,£0.00,Equal Is Unfair: America's Misguided Fight Against Income Inequality,3968e3fbf4695d7c
In stock (12 available),£59.48,Three,0,,£0.00,Boar Island (Anna Pigeon #19),49b24c6a41b82bd2
In stock (11 available),£48.39,Two,0,,£0.00,Troublemaker: Surviving Hollywood and Scientology,515cb8fcafb1ad98
In stock (12 available),£56.51,Five,0,,£0.00,Eleanor & Park,6983328f15506cb9
In stock (12 available),£20.10,Five,0,,£0.00,Everyday Italian: 125 Simple and Delicious Recipes,76319fe9d8b465a3
In stock (12 available),£41.46,Four,0,,£0.00,Furiously Happy: A Funny Book About Horrible Things,c6a29d6df8de968c
In stock (12 available),£11.84,One,0,,£0.00,Hide Away (Eve Duncan #20),bddc6fd036eb6279
In stock (11 available),£53.98,Three,0,,£0.00,Take Me Home Tonight (Rock Star Romance #3),cf62fa272b5f0fa3
In stock (11 available),£21.15,Two,0,,£0.00,"Setting the World on Fire: The Brief, Astonishing Life of St. Catherine of Siena",b06599b108e83f98
In stock (11 available),£47.67,Three,0,,£0.00,Off the Hook (Fishing for Trouble #1),b783ce08802cd1d1
In stock (11 available),£48.74,One,0,,£0.00,Sleeping Giants (Themis Files #1),f435aa99d864077d
In stock (11 available),£27.18,One,0,,£0.00,M Train,5569c3fea112718e
In stock (11 available),£51.34,Four,0,,£0.00,"Exit, Pursued by a Bear",c65c25d990fc7025
In stock (11 available),£21.36,Four,0,,£0.00,Arena,2c34f9432069b52b
In stock (11 available),£20.88,Five,0,,£0.00,Adultery,bb967277222e689c
In stock (11 available),£40.85,One,0,,£0.00,Lab Girl,825d6c44da3ca5a6
In stock (11 available),£13.34,Two,0,,£0.00,Mothering Sunday,47e1b2d43f709995
In stock (11 available),£48.48,Three,0,,£0.00,11/22/63,a9d7b75461084a26
In stock (11 available),£16.89,Five,0,,£0.00,"Mother, Can You Not?",28b2df9fadc9f07e
In stock (11 available),£17.28,Two,0,,£0.00,Lilac Girls,bade9943ee01b63f
In stock (11 available),£48.49,Four,0,,£0.00,Grey (Fifty Shades #4),b5953ca1f8a0b8d7
In stock (11 available),£56.27,Three,0,,£0.00,It Didn't Start with You: How Inherited Family Trauma Shapes Who We Are and How to End the Cycle,ce8666d9b42fc9a0
In stock (11 available),£16.34,Three,0,,£0.00,Daredevils,f608c903c451f387
In stock (10 available),£49.71,Five,0,,£0.00,10-Day Green Smoothie Cleanse: Lose Up to 15 Pounds in 10 Days!,96aa539bfd4c07e2
In stock (11 available),£20.50,Three,0,,£0.00,Cravings: Recipes for What You Want to Eat,2587c54f5530dafc
In stock (11 available),£20.46,Four,0,,£0.00,Keep Me Posted,20dc4f1ac5d4fd9c
In stock (11 available),£19.53,Three,0,,£0.00,A Mother's Reckoning: Living in the Aftermath of Tragedy,2b69dec0193511d9
In stock (10 available),£24.57,Two,0,,£0.00,"10% Happier: How I Tamed the Voice in My Head, Reduced Stress Without Losing My Edge, and Found Self-Help That Actually Works",34669b2e9d407d3a
In stock (11 available),£14.75,Five,0,,£0.00,A Gentleman's Position (Society of Gentlemen #3),40c4bf520c17de54
In stock (11 available),£21.59,Five,0,,£0.00,Born for This: How to Find the Work You Were Meant to Do,816180220e8cb419
In stock (11 available),£45.14,One,0,,£0.00,Lies and Other Acts of Love,469508882dfc1991
In stock (9 available),£48.27,Five,0,,£0.00,Without Shame,ab60e6f5a63e1cfb
In stock (9 available),£16.68,Two,0,,£0.00,The Flowers Lied,33396269bcce166f
In stock (9 available),£12.34,Four,0,,£0.00,"The Moosewood Cookbook: Recipes from Moosewood Restaurant, Ithaca, New York",65cfc9f242c2984a
In stock (9 available),£44.05,Five,0,,£0.00,The New Brand You: Your New Image Makes the Sale for You,4b50fb1359ebf35d
In stock (9 available),£28.03,One,0,,£0.00,The Shack,903a9f8090104c2c
In stock (9 available),£58.87,Four,0,,£0.00,Unlimited Intuition Now,4fd0a2a350f016e6
In stock (9 available),£11.82,Two,0,,£0.00,Underlying Notes,0967effecd292a86
In stock (9 available),£58.05,Four,0,,£0.00,Watchmen,d1848064c54e01c7
In stock (9 available),£55.91,One,0,,£0.00,"The Fabric of the Cosmos: Space, Time, and the Texture of Reality",ca74f2e3c35a3e77
In stock (9 available),£20.91,One,0,,£0.00,If I Gave You God's Phone Number....: Searching for Spirituality in America,8fab4c4f6f82a4ce
In stock (9 available),£33.23,One,0,,£0.00,Don't Forget Steven,e845d305f64154f1
In stock (9 available),£43.68,Three,0,,£0.00,Dress Your Family in Corduroy and Denim,7e9068872228c474
In stock (9 available),£10.41,Four,0,,£0.00,"NaNo What Now? Finding your editing process, revising your NaNoWriMo book and building a writing career through publishing and beyond",ee6c67859d70186b
In stock (9 available),£25.08,One,0,,£0.00,Nap-a-Roo,913e7109cec0cb4c
In stock (9 available),£47.44,Two,0,,£0.00,Modern Day Fables,6baac632f7711e26
In stock (9 available),£54.81,Five,0,,£0.00,Suzie Snowflake: One beautiful flake (a self-esteem story),0e095ed785af7e43
In stock (9 available),£33.95,Four,0,,£0.00,"Fruits Basket, Vol. 9 (Fruits Basket #9)",97187f5cf0385da3
In stock (9 available),£54.40,One,0,,£0.00,The Alien Club,e77594ece9b9d1fe
In stock (9 available),£24.57,Three,0,,£0.00,The Book of Mormon,3f25a2fedae191cc
In stock (9 available),£52.98,Five,0,,£0.00,The Art and Science of Low Carbohydrate Living,f9c87ccb2bc4853b
In stock (9 available),£48.63,Four,0,,£0.00,Art and Fear: Observations on the Perils (and Rewards) of Artmaking,d6d9ffea95f2f8bf
In stock (9 available),£35.92,Two,0,,£0.00,Chernobyl 01:23:40: The Incredible True Story of the World's Worst Nuclear Disaster,7186241e043de5dc
In stock (8 available),£58.33,Three,0,,£0.00,Silence in the Dark (Logan Point #4),e46a164cf310fd7d
In stock (8 available),£35.88,One,0,,£0.00,The Grownup,1bba4b1ba23ed2d6
In stock (8 available),£38.89,Five,0,,£0.00,Smarter Faster Better: The Secrets of Being Productive in Life and Business,a2475a245c9907c4
In stock (8 available),£43.02,Three,0,,£0.00,The New Drawing on the Right Side of the Brain,3eec766dda26fa64
In stock (8 available),£39.67,Five,0,,£0.00,Shadows of the Past (Logan Point #1),bee6e93e9976f4fa
In stock (8 available),£36.91,One,0,,£0.00,The E-Myth Revisited: Why Most Small Businesses Don't Work and What to Do About It,a2308a936e898d48
In stock (8 available),£28.93,One,0,,£0.00,South of Sunshine,331c26103d885cae
In stock (8 available),£43.62,Five,0,,£0.00,The Unlikely Pilgrimage of Harold Fry (Harold Fry #1),e0bdd79c7304ee8d
In stock (8 available),£36.94,Two,0,,£0.00,Vagabonding: An Uncommon Guide to the Art of Long-Term World Travel,1809259a5a5f1d8d
In stock (8 available),£39.36,Two,0,,£0.00,When Breath Becomes Air,b69c852e7e3956af
In stock (8 available),£34.06,Three,0,,£0.00,"Zero to One: Notes on Startups, or How to Build the Future",e77033ce559947f7
In stock (8 available),£17.76,One,0,,£0.00,Why Not Me?,04f6c929888f4f11
In stock (9 available),£56.63,Three,0,,£0.00,A Shard of Ice (The Black Symphony Saga #1),63d5f1651880dcea
In stock (8 available),£41.39,Two,0,,£0.00,The Martian (The Martian #1),9afd00e81d6208e6
In stock (8 available),£28.45,Four,0,,£0.00,"The Midnight Assassin: Panic, Scandal, and the Hunt for America's First Serial Killer",5a0d2e9284004266
In stock (9 available),£35.79,Two,0,,£0.00,23 Degrees South: A Tropical Tale of Changing Whether...,61cf7eb9d2cd8bb0
In stock (8 available),£51.15,One,0,,£0.00,The High Mountains of Portugal,4f283dfcbeccc0d4
In stock (9 available),£50.49,Three,0,,£0.00,A Hero's Curse (The Unseen Chronicles #1),c181ca8eabe7d18c
In stock (8 available),£21.96,Four,0,,£0.00,Hystopia: A Novel,0bfdef63285d3019
In stock (8 available),£20.22,Four,0,,£0.00,John Vassos: Industrial Design for Modern Life,bd26e8a79a856c31
In stock (8 available),£54.21,One,0,,£0.00,Proofs of God: Classical Arguments from Tertullian to Barth,d56d0710668bb39c
In stock (8 available),£47.13,One,0,,£0.00,Kierkegaard: A Christian Missionary to Christians,0cf57cb49272fd37
In stock (8 available),£53.64,Five,0,,£0.00,Out of Print: City Lights Spotlight No. 14,c0fc0cd215ee1724
In stock (8 available),£25.06,Two,0,,£0.00,"Love That Boy: What Two Presidents, Eight Road Trips, and My Son Taught Me About a Parent's Expectations",4d3a4c7b442a9a4e
In stock (8 available),£58.54,Two,0,,£0.00,Miller's Valley,bff270fe9c86a5a9
In stock (8 available),£14.10,Five,0,,£0.00,Roller Girl,aeb51dfbe8aeec59
In stock (8 available),£36.39,Five,0,,£0.00,My Life Next Door (My Life Next Door ),9a7291b89bd5445c
In stock (8 available),£29.48,Three,0,,£0.00,Man's Search for Meaning,4729afff3bea0f0a
In stock (8 available),£31.19,Four,0,,£0.00,Please Kill Me: The Uncensored Oral History of Punk,4a823d80aa30dbb0
In stock (8 available),£21.82,Three,0,,£0.00,Rising Strong,52fc458ffc756faf
In stock (8 available),£40.72,Two,0,,£0.00,Left Behind (Left Behind #1),29af1a2566c4e36e
In stock (8 available),£29.04,Five,0,,£0.00,Les Fleurs du Mal,c44c5e1425475206
In stock (8 available),£56.48,One,0,,£0.00,I'll Give You the Sun,0ab4b35dcffcffd1
In stock (8 available),£40.45,Two,0,,£0.00,Howl and Other Poems,b7870fa6dc088fbb
In stock (8 available),£45.05,Five,0,,£0.00,Kill 'Em and Leave: Searching for James Brown and the American Soul,39eefec3a8498dde
In stock (8 available),£44.21,One,0,,£0.00,I Will Find You,bbf1ea50be8008ab
In stock (8 available),£10.29,Four,0,,£0.00,History of Beauty,8a150fd8ff5d7686
In stock (8 available),£12.55,Three,0,,£0.00,Living Forward: A Proven Plan to Stop Drifting and Get the Life You Want,044534b0b28b4e87
In stock (8 available),£11.45,Three,0,,£0.00,Brilliant Beacons: A History of the American Lighthouse,7f5157bf53065d36
In stock (7 available),£22.14,Two,0,,£0.00,Wildlife of New York: A Five-Borough Coloring Book,b46d022080543144
In stock (7 available),£37.33,Three,0,,£0.00,Under the Tuscan Sun,a94350ee74deaa07
In stock (8 available),£43.64,One,0,,£0.00,Ender's Game (The Ender Quintet #1),e049d44c4f1cf1b2
In stock (7 available),£25.55,One,0,,£0.00,Toddlers Are A**holes: It's Not Your Fault,4242cc3d0437db12
In stock (7 available),£12.08,Three,0,,£0.00,You Are a Badass: How to Stop Doubting Your Greatness and Start Living an Awesome Life,88ec621893e595d0
In stock (8 available),£55.06,Four,0,,£0.00,Being Mortal: Medicine and What Matters in the End,15ebd83e53d0391b
In stock (8 available),£37.51,Four,0,,£0.00,Death by Leisure: A Cautionary Tale,4dbd54d9e36c9566
In stock (8 available),£13.20,Three,0,,£0.00,"A Murder Over a Girl: Justice, Gender, Junior High",fef91502cbacf23a
In stock (8 available),£55.65,Five,0,,£0.00,Future Shock (Future Shock #1),df6a7c43faa6732b
In stock (7 available),£25.37,Five,0,,£0.00,What Happened on Beale Street (Secrets of the South Mysteries #2),9735c969c652dd89
In stock (7 available),£34.72,One,0,,£0.00,The Year of Living Biblically: One Man's Humble Quest to Follow the Bible as Literally as Possible,4a0b78598b42897a
In stock (8 available),£53.63,Two,0,,£0.00,32 Yolks,b1a227b7609ff263
In stock (8 available),£19.22,Two,0,,£0.00,Brazen: The Courage to Find the You That's Been Hiding,77e9ea355bd8ae57
In stock (8 available),£28.41,One,0,,£0.00,Diary of a Citizen Scientist: Chasing Tiger Beetles and Other New Ways of Engaging the World,0c11e2d068768dbb
In stock (8 available),£56.91,Four,0,,£0.00,Between the World and Me,04e3de7ac35ec5cd
In stock (7 available),£46.33,Two,0,,£0.00,Unreasonable Hope: Finding Faith in the God Who Brings Purpose to Your Pain,48cb52d78c992487
In stock (8 available),£52.86,Two,0,,£0.00,Heaven is for Real: A Little Boy's Astounding Story of His Trip to Heaven and Back,d48c1369927ebef1
In stock (7 available),£35.96,Four,0,,£0.00,The Whale,0ff9d10864db8364
In stock (8 available),£44.48,Five,0,,£0.00,"""Most Blessed of the Patriarchs"": Thomas Jefferson and the Empire of the Imagination",f16c2edb2a603f92
In stock (7 available),£49.03,Three,0,,£0.00,The Good Girl,f935412970c9f58f
In stock (7 available),£10.01,Four,0,,£0.00,The Origin of Species,0345872b14f9e774
In stock (7 available),£32.34,Two,0,,£0.00,The Art Book,4b8fa561a1e52d1c
In stock (7 available),£40.20,Four,0,,£0.00,Sister Dear,7ffebdd1d5148aef
In stock (7 available),£16.62,Three,0,,£0.00,The Constant Princess (The Tudor Court #1),24933c712f0bca2f
In stock (7 available),£35.67,Three,0,,£0.00,The Drowning Girls,7a10353c9c54cf7c
In stock (7 available),£41.14,Four,0,,£0.00,The Story of Art,9147c5251cc99eb1
In stock (7 available),£42.78,Four,0,,£0.00,The Bourne Identity (Jason Bourne #1),d250657f0ebc5d73
In stock (7 available),£52.30,Five,0,,£0.00,The Bachelor Girl's Guide to Murder (Herringford and Watts Mysteries #1),20789fb17b423c4c
In stock (7 available),£39.55,One,0,,£0.00,The Faith of Christopher Hitchens: The Restless Soul of the World's Most Notorious Atheist,57f85720e54d6442
In stock (7 available),£16.24,One,0,,£0.00,The Glass Castle,47f4fd3e8e1dac05
In stock (7 available),£32.38,One,0,,£0.00,Playing from the Heart,68008abf6409dfde
In stock (7 available),£20.12,Five,0,,£0.00,Team of Rivals: The Political Genius of Abraham Lincoln,ba047a636b7d3793
In stock (7 available),£20.90,Three,0,,£0.00,"Sit, Stay, Love",bd087cf6a846db75
In stock (7 available),£20.90,Two,0,,£0.00,Steal Like an Artist: 10 Things Nobody Told You About Being Creative,8776181be110838a
In stock (7 available),£36.05,Four,0,,£0.00,The Great Gatsby,a8dbf1c6b41b885a
In stock (7 available),£34.41,Two,0,,£0.00,Raymie Nightingale,31c56c4d0fe19340
In stock (7 available),£33.17,Four,0,,£0.00,The 7 Habits of Highly Effective People: Powerful Lessons in Personal Change,5fbd03b1ac0a0e69
In stock (7 available),£51.74,One,0,,£0.00,"Rich Dad, Poor Dad",8486f61aa81a3daa
In stock (7 available),£52.87,Three,0,,£0.00,"Shrunken Treasures: Literary Classics, Short, Sweet, and Silly",9639e89d20228e6e
In stock (7 available),£19.57,One,0,,£0.00,"Fruits Basket, Vol. 7 (Fruits Basket #7)",de6d7645f192d517
In stock (7 available),£13.22,Four,0,,£0.00,Life of Pi,40cdcbb7692fd408
In stock (7 available),£46.64,Two,0,,£0.00,Finding God in the Ruins: How God Redeems Pain,4e78f06160b717ac
In stock (7 available),£20.89,Four,0,,£0.00,Delivering the Truth (Quaker Midwife Mystery #1),4e980425468708da
In stock (7 available),£37.05,Five,0,,£0.00,Good in Bed (Cannie Shapiro #1),c00bc29a678a6efb
In stock (7 available),£11.38,Five,0,,£0.00,"Naturally Lean: 125 Nourishing Gluten-Free, Plant-Based Recipes--All Under 300 Calories",924438fc6cbec836
In stock (7 available),£45.13,Three,0,,£0.00,For the Love: Fighting for Grace in a World of Impossible Standards,2e40333991f56f45
In stock (7 available),£49.67,Three,0,,£0.00,Memoirs of a Geisha,dac4b5847454fd9b
In stock (7 available),£39.61,Five,0,,£0.00,King's Folly (The Kinsman Chronicles #1),4c82371b8cd02d4d
In stock (7 available),£17.97,Five,0,,£0.00,Counted With the Stars (Out from Egypt #1),4807043b8218e9ce
In stock (7 available),£51.17,Five,0,,£0.00,Leave This Song Behind: Teen Poetry at Its Best,b74ee891e2a6dd69
In stock (7 available),£28.77,Two,0,,£0.00,Like Never Before (Walker Family #2),b6670507e85b30e6
In stock (7 available),£12.16,Five,0,,£0.00,Every Heart a Doorway (Every Heart A Doorway #1),4fa75fc6829431ca
In stock (7 available),£50.35,Four,0,,£0.00,Nightstruck: A Novel,746029796363aa51
In stock (7 available),£52.60,Two,0,,£0.00,"Chronicles, Vol. 1",4781b6bfd6f7a2c5
In stock (7 available),£46.01,Four,0,,£0.00,How to Cook Everything Vegetarian: Simple Meatless Recipes for Great Food (How to Cook Everything),2a9fcb3382d351c8
In stock (7 available),£25.77,One,0,,£0.00,Blue Like Jazz: Nonreligious Thoughts on Christian Spirituality,a322361a37a78d3d
In stock (7 available),£43.58,Three,0,,£0.00,Meternity,725cd8d23d78cdca
In stock (7 available),£57.43,Four,0,,£0.00,John Adams,68407606544d6f22
In stock (7 available),£28.25,Two,0,,£0.00,How to Be a Domestic Goddess: Baking and the Art of Comfort Cooking,eff5710404e2ff78
In stock (7 available),£44.81,Four,0,,£0.00,A Gathering of Shadows (Shades of Magic #2),d1378a0ad06ff979
In stock (6 available),£55.02,Three,0,,£0.00,The Perks of Being a Wallflower,fd364afd082f5446
In stock (7 available),£29.93,Five,0,,£0.00,"At The Existentialist Café: Freedom, Being, and apricot cocktails with: Jean-Paul Sartre, Simone de Beauvoir, Albert Camus, Martin Heidegger, Edmund Husserl, Karl Jaspers, Maurice Merleau-Ponty and others",6b52904b2ab91bf6
In stock (6 available),£24.80,Four,0,,£0.00,The Mysterious Affair at Styles (Hercule Poirot #1),2da5edf8b5776c9a
In stock (6 available),£39.67,Two,0,,£0.00,The Rise and Fall of the Third Reich: A History of Nazi Germany,774fa432bd7d9c47
In stock (6 available),£57.84,Five,0,,£0.00,The Sound Of Love,5ba3d703d1ae0c1d
In stock (6 available),£30.54,One,0,,£0.00,The Great Railway Bazaar,48736df57e7bec9f
In stock (7 available),£48.19,Three,0,,£0.00,Benjamin Franklin: An American Life,5b546a46a86a9d8c
In stock (6 available),£18.77,One,0,,£0.00,The Golden Compass (His Dark Materials #1),d33824cb93ecab6f
In stock (6 available),£43.27,Four,0,,£0.00,The Joy of Cooking,d326e189b1210916
In stock (6 available),£31.58,Two,0,,£0.00,The Makings of a Fatherless Child,2efa5a839e62b1bd
In stock (6 available),£59.45,Four,0,,£0.00,The Man Who Mistook His Wife for a Hat and Other Clinical Tales,60376aa71be66083
In stock (7 available),£52.40,Five,0,,£0.00,A Short History of Nearly Everything,6c7fa6844380f50a
In stock (6 available),£15.42,Five,0,,£0.00,The Collected Poems of W.B. Yeats (The Collected Works of W.B. Yeats #1),3d250ab0f12be445
In stock (6 available),£37.34,One,0,,£0.00,The Invention of Wings,e6635f5b0a2c78db
In stock (7 available),£44.34,Two,0,,£0.00,A Summer In Europe,cc1936a9f4e93477
In stock (6 available),£17.80,Five,0,,£0.00,The Hobbit (Middle-Earth Universe),72b5355dda190b6a
In stock (6 available),£10.27,Two,0,,£0.00,The Fellowship of the Ring (The Lord of the Rings #1),cb17945cb90b7837
In stock (6 available),£15.79,One,0,,£0.00,The Girl You Left Behind (The Girl You Left Behind #1),eb7459e0c570251d
In stock (6 available),£46.85,Three,0,,£0.00,The God Delusion,2bc80eba94950873
In stock (6 available),£48.51,Three,0,,£0.00,Mere Christianity,f38f37ed934d84b2
In stock (6 available),£50.96,Two,0,,£0.00,Tell the Wolves I'm Home,2a1b3d967cda1da2
In stock (6 available),£56.88,Four,0,,£0.00,A Year in Provence (Provence #1),9e60929f521fa280
In stock (6 available),£39.61,Three,0,,£0.00,Better Homes and Gardens New Cook Book,faf841f81c52638b
In stock (6 available),£46.49,Five,0,,£0.00,How to Stop Worrying and Start Living,e792c0969cefe1b8
In stock (6 available),£58.55,Four,0,,£0.00,Catherine the Great: Portrait of a Woman,f3c70d296ec796c4
In stock (6 available),£40.32,Four,0,,£0.00,Deception Point,4e3b183180e2a992
In stock (6 available),£38.38,Two,0,,£0.00,In the Woods (Dublin Murder Squad #1),6958de044cb28a84
In stock (6 available),£19.02,One,0,,£0.00,Me Before You (Me Before You #1),7a2b51f69e81c722
In stock (6 available),£56.59,Four,0,,£0.00,Fun Home: A Family Tragicomic,56a34d0cec11d6b0
In stock (6 available),£49.98,Four,0,,£0.00,In Cold Blood,fe0f34ebed689381
In stock (6 available),£46.58,One,0,,£0.00,Musicophilia: Tales of Music and the Brain,6d235933670503d9
In stock (6 available),£20.96,Four,0,,£0.00,"Fruits Basket, Vol. 6 (Fruits Basket #6)",97258f576d4bb672
In stock (6 available),£19.27,Four,0,,£0.00,Pride and Prejudice,720c36b2bee4692e
In stock (6 available),£30.60,Three,0,,£0.00,Ship Leaves Harbor: Essays on Travel by a Recovering Journeyman,8d8e9f9b8730eb25
In stock (6 available),£59.92,Five,0,,£0.00,The Barefoot Contessa Cookbook,6478ccb4416e6a5d
In stock (6 available),£18.32,Two,0,,£0.00,Give It Back,012170e4fc87ace0
In stock (6 available),£36.39,Three,0,,£0.00,"Death Note, Vol. 6: Give-and-Take (Death Note #6)",6e06d0f00f6da20f
In stock (6 available),£21.30,Three,0,,£0.00,An Unquiet Mind: A Memoir of Moods and Madness,46cb43c2ab133ccc
In stock (6 available),£42.14,Three,0,,£0.00,"Girl, Interrupted",384c7d41d5ffe9d1
In stock (5 available),£41.73,Four,0,,£0.00,Where She Went (If I Stay #2),60369d96b7b80869
In stock (5 available),£57.74,Four,0,,£0.00,The Raven Boys (The Raven Cycle #1),e0b3a679b83caccc
In stock (5 available),£30.57,Two,0,,£0.00,The Raven King (The Raven Cycle #4),2e4fc5eacceec12c
In stock (5 available),£32.97,Four,0,,£0.00,World Without End (The Pillars of the Earth #2),2e5b4ff08a75fd02
In stock (5 available),£44.58,Two,0,,£0.00,The Expatriates,fe7210553d56c097
In stock (5 available),£56.00,Five,0,,£0.00,The False Prince (The Ascendance Trilogy #1),a2a9f76339d21ab1
In stock (5 available),£15.08,Four,0,,£0.00,The Secret Garden,abbb492978ff656d
In stock (5 available),£53.68,Four,0,,£0.00,What If?: Serious Scientific Answers to Absurd Hypothetical Questions,163d89116179c33f
In stock (5 available),£38.40,One,0,,£0.00,This Is Your Brain on Music: The Science of a Human Obsession,bc209a900101f28d
In stock (5 available),£14.64,One,0,,£0.00,Two Summers,3a7d54a264d9f33e
In stock (5 available),£47.31,Four,0,,£0.00,"Will Grayson, Will Grayson (Will Grayson, Will Grayson)",e75f3ae1da1cc652
In stock (5 available),£45.56,Three,0,,£0.00,The Firm,ad84f18659e6bfe2
In stock (5 available),£48.67,Two,0,,£0.00,Why Save the Bankers?: And Other Essays on Our Economic and Political Crisis,759ee7d059b1beb8
In stock (5 available),£11.05,Five,0,,£0.00,The Power Greens Cookbook: 140 Delicious Superfood Recipes,f701fae56b645ef7
In stock (5 available),£28.58,One,0,,£0.00,The Metamorphosis,93379e3a2072a01b
In stock (5 available),£55.91,Four,0,,£0.00,The Hiding Place,c4589ee5977a47be
In stock (5 available),£13.76,Three,0,,£0.00,The Grand Design,3213b1f13f5f0f7c
In stock (5 available),£47.22,One,0,,£0.00,The Fault in Our Stars,3661360c99719414
In stock (5 available),£24.73,Three,0,,£0.00,The Little Paris Bookshop,dfd9ff1f343cdaff
In stock (5 available),£42.91,Five,0,,£0.00,The Mathews Men: Seven Brothers and the War Against Hitler's U-boats,0d210d2448c3018f
In stock (5 available),£34.50,One,0,,£0.00,The Dream Thieves (The Raven Cycle #2),fec06f52054ea900
In stock (5 available),£34.22,Five,0,,£0.00,Siddhartha,84bb29c53592ac40
In stock (5 available),£22.54,One,0,,£0.00,Maybe Something Beautiful: How Art Transformed a Neighborhood,81c68492ccd72941
In stock (5 available),£45.51,Three,0,,£0.00,Tell the Wind and Fire,84126312e2431a09
In stock (5 available),£31.63,Four,0,,£0.00,My Mother Was Nuts,a4ce39a3720cd679
In stock (5 available),£41.81,One,0,,£0.00,Tell Me Three Things,50d5a7b861ed1c54
In stock (5 available),£11.83,Two,0,,£0.00,The 5th Wave (The 5th Wave #1),b716233fcb6877e6
In stock (5 available),£16.28,Two,0,,£0.00,Peak: Secrets from the New Science of Expertise,6036239d2ab349b7
In stock (5 available),£38.77,Four,0,,£0.00,The Crossover,b228042c088b1913
In stock (5 available),£23.37,Three,0,,£0.00,Red Dragon (Hannibal Lecter #1),e958ae92f328c181
In stock (5 available),£11.33,Five,0,,£0.00,The Darkest Corners,c4182bdb53e2459a
In stock (5 available),£16.23,Five,0,,£0.00,Shiver (The Wolves of Mercy Falls #1),59a8ae019b64f2a7
In stock (5 available),£25.15,Four,0,,£0.00,Talking to Girls About Duran Duran: One Young Man's Quest for True Love and a Cooler Haircut,1dba84766a5e87b8
In stock (5 available),£24.91,Five,0,,£0.00,Mexican Today: New and Rediscovered Recipes for Contemporary Kitchens,12a90b90283b2e6d
In stock (5 available),£15.52,Five,0,,£0.00,Kill the Boy Band,44f545727e704187
In stock (5 available),£23.63,Four,0,,£0.00,Lola and the Boy Next Door (Anna and the French Kiss #2),5e1a88d248599768
In stock (5 available),£13.12,Two,0,,£0.00,Logan Kade (Fallen Crest High #5.5),7093cf549cd2e7de
In stock (5 available),£59.98,Three,0,,£0.00,Last One Home (New Beginnings #1),07e6810fd3236bda
In stock (5 available),£11.48,Three,0,,£0.00,Remember Me?,2973d38c2fbd7a5c
In stock (5 available),£31.49,Four,0,,£0.00,Killing Floor (Jack Reacher #1),8dde2ff3f6fcc0a3
In stock (5 available),£23.32,One,0,,£0.00,Harry Potter and the Deathly Hallows (Harry Potter #7),6c49258724f11770
In stock (5 available),£52.41,One,0,,£0.00,"Death Note, Vol. 5: Whiteout (Death Note #5)",1c0a38899c82b60a
In stock (5 available),£34.13,Five,0,,£0.00,"Blue Lily, Lily Blue (The Raven Cycle #3)",ad5e078beceaeb4a
In stock (5 available),£48.13,Five,0,,£0.00,Isla and the Happily Ever After (Anna and the French Kiss #3),45045146dbf7b009
In stock (5 available),£22.37,One,0,,£0.00,Find Her (Detective D.D. Warren #8),b28c7d07afa7063b
In stock (5 available),£16.33,One,0,,£0.00,"Fruits Basket, Vol. 5 (Fruits Basket #5)",3fd83dcf37bf1bc0
In stock (5 available),£58.00,Five,0,,£0.00,Digital Fortress,94bb629a3f6dd00b
In stock (5 available),£10.00,Five,0,,£0.00,An Abundance of Katherines,f36d24c309e87e5b
In stock (5 available),£38.13,Five,0,,£0.00,If I Stay (If I Stay #1),7284d85428305f5a
In stock (5 available),£36.55,Two,0,,£0.00,I Know Why the Caged Bird Sings (Maya Angelou's Autobiography #1),d219d4e325e6f204
In stock (5 available),£35.63,Five,0,,£0.00,Dracula the Un-Dead,e46b1074b99ac4b6
In stock (5 available),£32.42,One,0,,£0.00,Foundation (Foundation (Publication Order) #1),3fc124f59f3068e4
In stock (5 available),£38.70,Two,0,,£0.00,Drama,d5ad4c92d8bf26c9
In stock (5 available),£51.22,Two,0,,£0.00,America's War for the Greater Middle East: A Military History,add33db6ff80db24
In stock (5 available),£42.27,One,0,,£0.00,Evicted: Poverty and Profit in the American City,75cc85cdbe9ad46b
In stock (5 available),£20.75,One,0,,£0.00,Critique of Pure Reason,429b4a811bef386c
In stock (5 available),£17.49,Five,0,,£0.00,Booked,b54d7416bb445989
In stock (5 available),£32.35,Three,0,,£0.00,"Data, A Love Story: How I Gamed Online Dating to Meet My Match",bcf567421c581f0a
In stock (5 available),£16.96,One,0,,£0.00,Fool Me Once,630e766f0a1987dd
In stock (5 available),£58.81,Five,0,,£0.00,Approval Junkie: Adventures in Caring Too Much,612369a5947a012e
In stock (4 available),£13.73,Five,0,,£0.00,Some Women,31f5bbf4974d29c9
In stock (4 available),£52.35,Four,0,,£0.00,Vogue Colors A to Z: A Fashion Coloring Book,a8f4577a48023344
In stock (4 available),£52.11,Two,0,,£0.00,The Demonists (Demonist #1),ff2dffba388d9922
In stock (5 available),£10.79,Three,0,,£0.00,A Clash of Kings (A Song of Ice and Fire #2),89a89e76f3516357
In stock (5 available),£46.42,Two,0,,£0.00,A Game of Thrones (A Song of Ice and Fire #1),03cbb67c0f990d87
In stock (4 available),£29.85,Five,0,,£0.00,The Hunger Games (The Hunger Games #1),6d2f70d9424f41a1
In stock (4 available),£50.26,Two,0,,£0.00,The Pilgrim's Progress,6053ddf69c967d5f
In stock (5 available),£17.21,Four,0,,£0.00,A Feast for Crows (A Song of Ice and Fire #4),f2c8f4b4c94d5c5c
In stock (4 available),£59.99,Three,0,,£0.00,The Perfect Play (Play by Play #1),9cc207168a03470d
In stock (4 available),£59.71,Three,0,,£0.00,The Bone Hunters (Lexy Vaughan & Steven Macaulay #2),9c4d061c1e2fe6bf
In stock (4 available),£38.71,Three,0,,£0.00,The Jazz of Physics: The Secret Link Between Music and the Structure of the Universe,6a57286a8890d8c5
In stock (4 available),£14.82,Two,0,,£0.00,The Hound of the Baskervilles (Sherlock Holmes #5),6587f46697fc4443
In stock (5 available),£58.59,Four,0,,£0.00,Alight (The Generations Trilogy #2),d9290e99f189ce84
In stock (5 available),£31.30,One,0,,£0.00,A Girl's Guide to Moving On (New Beginnings #2),cf3b86489890b9f2
In stock (4 available),£27.88,Three,0,,£0.00,The Shining (The Shining #1),d4de23aa98acc65b
In stock (4 available),£46.08,Five,0,,£0.00,The Beast (Black Dagger Brotherhood #14),8930013d06942df1
In stock (4 available),£27.88,Two,0,,£0.00,"The Demon Prince of Momochi House, Vol. 4 (The Demon Prince of Momochi House #4)",df53c2948b32bde3
In stock (4 available),£16.81,Four,0,,£0.00,The Gunning of America: Business and the Making of American Gun Culture,45033bdf3d9ed158
In stock (4 available),£28.23,Two,0,,£0.00,The Geography of Bliss: One Grump's Search for the Happiest Places in the World,c65ee14957c0fa5c
In stock (4 available),£28.32,Five,0,,£0.00,The Passion of Dolssa,011674f4a3834b8d
In stock (4 available),£27.80,One,0,,£0.00,God Is Not Great: How Religion Poisons Everything,ddbc5530d2939d49
In stock (4 available),£47.51,Four,0,,£0.00,Needful Things,70b585c9d0f15725
In stock (4 available),£24.17,Four,0,,£0.00,Harry Potter and the Prisoner of Azkaban (Harry Potter #3),eff24325e0ede639
In stock (4 available),£28.07,Four,0,,£0.00,Little Women (Little Women #1),deda806b68b0aa11
In stock (4 available),£14.74,One,0,,£0.00,Harry Potter and the Chamber of Secrets (Harry Potter #2),c7c4f55b7321cba7
In stock (4 available),£26.77,One,0,,£0.00,Girl With a Pearl Earring,5eff05e59f905a49
In stock (4 available),£34.79,Two,0,,£0.00,Misery,81d4191030b9704b
In stock (4 available),£13.90,Three,0,,£0.00,Harry Potter and the Sorcerer's Stone (Harry Potter #1),ac337893a9fe0085
In stock (4 available),£19.67,Five,0,,£0.00,Outlander (Outlander #1),5de4baa88061a77a
In stock (4 available),£48.39,Five,0,,£0.00,Shopaholic Ties the Knot (Shopaholic #3),38199c5d7da0c0ef
In stock (4 available),£32.49,Three,0,,£0.00,Gone with the Wind,23310ce84d3c9f85
In stock (4 available),£48.75,Five,0,,£0.00,Harry Potter and the Half-Blood Prince (Harry Potter #6),73f4f87dd936ee5c
In stock (4 available),£49.45,Five,0,,£0.00,Paper and Fire (The Great Library #2),ae884ac655d6ee3e
In stock (4 available),£50.44,Four,0,,£0.00,"Fruits Basket, Vol. 4 (Fruits Basket #4)",8fff1084aa085a13
In stock (4 available),£20.02,Five,0,,£0.00,No One Here Gets Out Alive,3a95f5a2df4ff921
In stock (4 available),£31.63,Four,0,,£0.00,Harry Potter and the Order of the Phoenix (Harry Potter #5),5a6b7155f2797537
In stock (4 available),£12.36,Three,0,,£0.00,"Orchestra of Exiles: The Story of Bronislaw Huberman, the Israel Philharmonic, and the One Thousand Jews He Saved from Nazi Horrors",2ba5ccc84d35006c
In stock (4 available),£12.75,Four,0,,£0.00,Night Shift (Night Shift #1-20),869d20b3b8128230
In stock (4 available),£20.44,Four,0,,£0.00,Mockingjay (The Hunger Games #3),5212c6acea3359e5
In stock (4 available),£25.01,Three,0,,£0.00,It,670a2773607d785d
In stock (4 available),£27.62,One,0,,£0.00,"A History of God: The 4,000-Year Quest of Judaism, Christianity, and Islam",d12ca4020c2f602e
In stock (3 available),£46.02,Three,0,,£0.00,Wild: From Lost to Found on the Pacific Crest Trail,d30b9215c72cca87
In stock (4 available),£57.22,Three,0,,£0.00,Animal Farm,1451b55e5e56bb89
In stock (3 available),£34.77,One,0,,£0.00,Zero History (Blue Ant #3),634b7165c96ebb9f
In stock (4 available),£58.63,Three,0,,£0.00,Candide,2798974abc8a58a8
In stock (4 available),£56.43,One,0,,£0.00,A Walk to Remember,aead11697d14ea36
In stock (3 available),£18.13,One,0,,£0.00,"Where'd You Go, Bernadette",07bb35158d9dd3d2
In stock (4 available),£49.56,Four,0,,£0.00,'Salem's Lot,6e9403f00acd6752
In stock (4 available),£21.94,One,0,,£0.00,Can You Keep a Secret?,0812f54c93d726ce
In stock (4 available),£26.58,Five,0,,£0.00,Atlas Shrugged,78a4ac98191ac675
In stock (3 available),£30.89,Five,0,,£0.00,When You Are Engulfed in Flames,dab0196cd5fc8e5e
In stock (3 available),£21.80,One,0,,£0.00,World War Z: An Oral History of the Zombie War,5d55202da0252627
In stock (3 available),£17.73,Three,0,,£0.00,Wuthering Heights,5a7ff9aaa3168878
In stock (3 available),£31.95,Three,0,,£0.00,We the People: The Modern-Day Figures Who Have Reshaped and Affirmed the Founding Fathers' Vision of America,06bab964fd536971
In stock (4 available),£13.38,Three,0,,£0.00,Changing the Game (Play by Play #2),aaebac5fda798b1b
In stock (4 available),£12.87,One,0,,£0.00,Dark Lover (Black Dagger Brotherhood #1),2b69d289279aabfd
In stock (4 available),£55.65,Five,0,,£0.00,A New Earth: Awakening to Your Life's Purpose,f6ae39568db1130e
In stock (4 available),£34.93,Two,0,,£0.00,Far From True (Promise Falls Trilogy #2),ad15a9a139919918
In stock (3 available),£14.41,Three,0,,£0.00,"The Wicked + The Divine, Vol. 3: Commercial Suicide (The Wicked + The Divine)",a33ed2e6068df53e
In stock (3 available),£41.93,Two,0,,£0.00,Twilight (Twilight #1),b53078de0147f6bf
In stock (3 available),£13.66,Two,0,,£0.00,Vegan Vegetarian Omnivore: Dinner for Everyone at the Table,4672d10b9b1e7a05
In stock (3 available),£32.74,Two,0,,£0.00,Two Boys Kissing,61bc8167c9680283
In stock (3 available),£56.07,Three,0,,£0.00,The Wild Robot,75fed6a47f69859d
In stock (3 available),£21.14,One,0,,£0.00,"Thinking, Fast and Slow",719d72f3ee512dc6
In stock (3 available),£42.80,Two,0,,£0.00,Twenties Girl,8ebad30219b8679c
In stock (3 available),£32.36,Three,0,,£0.00,Walk the Edge (Thunder Road #2),0e4e2d31c2fb3aad
In stock (3 available),£21.07,Five,0,,£0.00,Voyager (Outlander #3),7feac4000cbc5859
In stock (4 available),£48.94,Two,0,,£0.00,Confessions of a Shopaholic (Shopaholic #1),a2dc754afb69bb32
In stock (3 available),£50.66,Three,0,,£0.00,Very Good Lives: The Fringe Benefits of Failure and the Importance of Imagination,52aa3d79b1cee455
In stock (3 available),£24.04,One,0,,£0.00,We Are All Completely Beside Ourselves,be3db344a845580b
In stock (3 available),£10.02,Two,0,,£0.00,The Tipping Point: How Little Things Can Make a Big Difference,224fa77d4b248046
In stock (3 available),£23.59,One,0,,£0.00,The Smitten Kitchen Cookbook,742702d662a71410
In stock (3 available),£30.00,One,0,,£0.00,Under the Banner of Heaven: A Story of Violent Faith,599a4f98bb193368
In stock (3 available),£57.86,Two,0,,£0.00,The Stand,49f24193f0b961e6
In stock (3 available),£58.09,One,0,,£0.00,"Unstuffed: Decluttering Your Home, Mind, and Soul",b830685072fa871f
In stock (3 available),£48.77,One,0,,£0.00,The Thing About Jellyfish,3d15714d4d3d15dd
In stock (3 available),£23.21,Three,0,,£0.00,Three-Martini Lunch,57f755143ee96fd4
In stock (3 available),£53.51,One,0,,£0.00,"Trespassing Across America: One Man's Epic, Never-Done-Before (and Sort of Illegal) Hike Across the Heartland",2173a2ce35f6ace1
In stock (3 available),£45.75,Four,0,,£0.00,The Undomestic Goddess,813cff2aefa5d1f0
In stock (3 available),£15.77,One,0,,£0.00,The Travelers,2b685187f55c5d31
In stock (3 available),£12.25,One,0,,£0.00,The Purest Hook (Second Circle Tattoos #3),969f6c7e86554814
In stock (3 available),£23.21,One,0,,£0.00,The Road to Little Dribbling: Adventures of an American in Britain (Notes From a Small Island #2),366a236aa1ea6f07
In stock (3 available),£26.26,Four,0,,£0.00,The Nightingale,29d6d87f3418638b
In stock (3 available),£37.25,Two,0,,£0.00,The Name of God is Mercy,0baf71623648413a
In stock (3 available),£34.77,One,0,,£0.00,The Rest Is Noise: Listening to the Twentieth Century,e2d47e82c50d41d9
In stock (3 available),£45.43,One,0,,£0.00,The Obsession,ee441c8e027caa66
In stock (3 available),£23.05,Five,0,,£0.00,The Silkworm (Cormoran Strike #2),f06039c29b5891fa
In stock (3 available),£55.55,Five,0,,£0.00,"The Sandman, Vol. 3: Dream Country (The Sandman (volumes) #3)",91eb9605998a7c03
In stock (3 available),£35.66,Five,0,,£0.00,The Red Tent,3c456328b04a8ee8
In stock (3 available),£52.53,Five,0,,£0.00,The Nanny Diaries (Nanny #1),6263c1d2997b8ce0
In stock (3 available),£36.80,Three,0,,£0.00,The Paris Wife,fa26798728f5208f
In stock (3 available),£37.19,Three,0,,£0.00,The Purpose Driven Life: What on Earth Am I Here for?,0e7beedf0ee9380c
In stock (3 available),£10.92,One,0,,£0.00,The Restaurant at the End of the Universe (Hitchhiker's Guide to the Galaxy #2),0e92ccf1bd39e68f
In stock (3 available),£20.93,One,0,,£0.00,The Maze Runner (The Maze Runner #1),4266f48a0aa1c37d
In stock (3 available),£43.59,Five,0,,£0.00,The Lonely Ones,cf2f27fdf94ba20e
In stock (3 available),£58.09,Two,0,,£0.00,The Lover's Dictionary,36c15687f5ab0f7c
In stock (3 available),£42.57,Three,0,,£0.00,The Rise of Theodore Roosevelt (Theodore Roosevelt #1),1a5044d233936b1a
In stock (3 available),£29.70,Two,0,,£0.00,The Picture of Dorian Gray,b9f6305a3d650e2c
In stock (3 available),£44.92,Three,0,,£0.00,The New Guy (and Other Senior Year Distractions),3e42ac0f4d43320f
In stock (3 available),£58.64,Four,0,,£0.00,The Rose & the Dagger (The Wrath and the Dawn #2),322a9e34d87f54b1
In stock (3 available),£29.64,Four,0,,£0.00,"The Land of 10,000 Madonnas",35e69a79d2b1e804
In stock (3 available),£22.14,Two,0,,£0.00,The Girl Who Played with Fire (Millennium Trilogy #2),bfa9cb304075d3e8
In stock (3 available),£33.92,Three,0,,£0.00,The Lean Startup: How Today's Entrepreneurs Use Continuous Innovation to Create Radically Successful Businesses,70c7c3ca7f9b2728
In stock (3 available),£52.25,Four,0,,£0.00,The Demon-Haunted World: Science as a Candle in the Dark,f51062bf579507d9
In stock (3 available),£22.13,Four,0,,£0.00,"The End of Faith: Religion, Terror, and the Future of Reason",b3f2bc2cefb35f05
In stock (3 available),£49.53,One,0,,£0.00,The Guernsey Literary and Potato Peel Pie Society,4a0a276409968a73
In stock (3 available),£57.48,One,0,,£0.00,The Girl Who Kicked the Hornet's Nest (Millennium Trilogy #3),8f5d16a5a9bd58b2
In stock (3 available),£14.54,Two,0,,£0.00,The Guns of August,b5da59dd177eb36b
In stock (3 available),£12.30,One,0,,£0.00,The Giver (The Giver Quartet #1),e2dac1f4739e0bd5
In stock (3 available),£43.45,Three,0,,£0.00,The Exiled,dd003e904727281a
In stock (3 available),£27.41,One,0,,£0.00,The Infinities,554e9e2d532b3a87
In stock (3 available),£52.51,Five,0,,£0.00,The Husband's Secret,ff6bb30dd0c482a6
In stock (3 available),£55.55,Two,0,,£0.00,The Last Painting of Sara de Vos,476c7972e9b41891
In stock (3 available),£47.80,Three,0,,£0.00,The Hitchhiker's Guide to the Galaxy (Hitchhiker's Guide to the Galaxy #1),a8b0ea6490bc818f
In stock (3 available),£44.29,One,0,,£0.00,The Devil Wears Prada (The Devil Wears Prada #1),a6ab0cb7106a67f2
In stock (3 available),£43.58,Three,0,,£0.00,The Goldfinch,c88422d8959260ab
In stock (3 available),£49.47,Three,0,,£0.00,The Girl with All the Gifts,92dcc54a27107a37
In stock (3 available),£26.33,Five,0,,£0.00,The Day the Crayons Came Home (Crayons),b22362b434e8ee62
In stock (3 available),£13.03,Four,0,,£0.00,"The Elegant Universe: Superstrings, Hidden Dimensions, and the Quest for the Ultimate Theory",c6bf14cb901c63ac
In stock (3 available),£57.35,Five,0,,£0.00,"The Disappearing Spoon: And Other True Tales of Madness, Love, and the History of the World from the Periodic Table of the Elements",63c0826ef59eae66
In stock (3 available),£19.21,One,0,,£0.00,The Cuckoo's Calling (Cormoran Strike #1),1be6d3b121865edb
In stock (3 available),£23.43,Two,0,,£0.00,The Autobiography of Malcolm X,b04a6a0db525857d
In stock (3 available),£25.83,Two,0,,£0.00,"Surely You're Joking, Mr. Feynman!: Adventures of a Curious Character",61002f3b7ba5d780
In stock (3 available),£24.72,Two,0,,£0.00,Soldier (Talon #3),feaaae90514eb2ac
In stock (3 available),£26.78,Four,0,,£0.00,The Complete Stories and Poems (The Works of Edgar Allan Poe [Cameo Edition]),cad70d6ffd53912f
In stock (3 available),£24.55,One,0,,£0.00,The Catcher in the Rye,487449f4f6322f0f
In stock (3 available),£16.26,Two,0,,£0.00,The Cat in the Hat (Beginner Books B-1),b7f475238ed50429
In stock (3 available),£54.62,One,0,,£0.00,Something Blue (Darcy & Rachel #2),3fc9d51d1c4d6ba7
In stock (3 available),£48.96,Five,0,,£0.00,Something Borrowed (Darcy & Rachel #1),ac27ab4bcd9c492e
In stock (3 available),£53.49,Two,0,,£0.00,The Book Thief,a75e274c8814b539
In stock (3 available),£22.96,Two,0,,£0.00,The Da Vinci Code (Robert Langdon #2),dabf11918b48b40c
In stock (3 available),£36.74,Three,0,,£0.00,Stiff: The Curious Lives of Human Cadavers,a11ae5f07572ef49
In stock (3 available),£47.84,One,0,,£0.00,The Case for Christ (Cases for Christianity),970bd3316219e7dc
In stock (3 available),£49.51,One,0,,£0.00,Spilled Milk: Based on a True Story,f08667e4c0458f37
In stock (3 available),£46.45,Two,0,,£0.00,Shopaholic & Baby (Shopaholic #5),c57d3c96af23c297
In stock (3 available),£22.10,One,0,,£0.00,The Art of Fielding,2858ac90c4758e1f
In stock (3 available),£34.32,Three,0,,£0.00,"The Art of Simple Food: Notes, Lessons, and Recipes from a Delicious Revolution",311634df10651e05
In stock (3 available),£53.71,Five,0,,£0.00,The Blind Side: Evolution of a Game,cd3dcd83bb002e78
In stock (3 available),£41.32,Five,0,,£0.00,The Complete Poems,23707d3ddf14a999
In stock (3 available),£44.84,Five,0,,£0.00,The Book of Basketball: The NBA According to The Sports Guy,08decd9664e5d56e
In stock (3 available),£43.55,One,0,,£0.00,Quiet: The Power of Introverts in a World That Can't Stop Talking,3c565df219ba3274
In stock (3 available),£14.16,One,0,,£0.00,Outliers: The Story of Success,09a7b0b566ad6225
In stock (3 available),£46.29,One,0,,£0.00,Sarah's Key,5b2cd5b31a510848
In stock (3 available),£32.87,Two,0,,£0.00,One for the Money (Stephanie Plum #1),3250650a5c4e6f07
In stock (3 available),£24.61,Two,0,,£0.00,Orange Is the New Black,8378c899988905ee
In stock (3 available),£52.33,Two,0,,£0.00,Seven Days in the Art World,07806456878931bc
In stock (3 available),£41.67,Four,0,,£0.00,"Rise of the Rocket Girls: The Women Who Propelled Us, from Missiles to the Moon to Mars",89cad3f37c9ce226
In stock (3 available),£12.91,Four,0,,£0.00,Running with Scissors,28921443f052bea6
In stock (3 available),£21.57,Five,0,,£0.00,"Saga, Volume 3 (Saga (Collected Editions) #3)",7b870bf85d01c2dc
In stock (3 available),£14.57,Four,0,,£0.00,Scarlet (The Lunar Chronicles #2),510832818edb6fbc
In stock (3 available),£11.10,Three,0,,£0.00,Reservations for Two,ecdf73ee66c33b17
In stock (3 available),£30.60,Four,0,,£0.00,Seven Brief Lessons on Physics,281a244ce1954711
In stock (3 available),£43.63,Three,0,,£0.00,Prodigy: The Graphic Novel (Legend: The Graphic Novel #2),9707989a439757b4
In stock (3 available),£39.13,One,0,,£0.00,Persepolis: The Story of a Childhood (Persepolis #1-2),cb62418129b864a3
In stock (3 available),£56.68,Two,0,,£0.00,Packing for Mars: The Curious Science of Life in the Void,8e2dfd6bcf48e1e6
In stock (3 available),£31.45,Three,0,,£0.00,Original Fake,c59283b05905c853
In stock (3 available),£50.11,Three,0,,£0.00,Rogue Lawyer (Rogue Lawyer #1),b4f5672f68ec3a83
In stock (3 available),£19.07,Four,0,,£0.00,Ready Player One,2ef5dc7e278e562a
In stock (3 available),£44.88,Two,0,,£0.00,Rework,8e9dd8431170c09e
In stock (3 available),£28.54,Three,0,,£0.00,Red: The True Story of Red Riding Hood,4c8ece50736f9e88
In stock (3 available),£26.13,Two,0,,£0.00,Life After Life,4ec53ff7e2263f32
In stock (3 available),£31.69,Three,0,,£0.00,Naked,54aeeb4610d3ae08
In stock (3 available),£59.04,Five,0,,£0.00,Life Without a Recipe,c53d9fefcda371e9
In stock (3 available),£53.04,Five,0,,£0.00,Lady Renegades (Rebel Belle #3),16e843e6b853cc2f
In stock (3 available),£40.17,One,0,,£0.00,Notes from a Small Island (Notes From a Small Island #1),cb65e49993db9a93
In stock (3 available),£38.95,Three,0,,£0.00,Neither Here nor There: Travels in Europe,747cf7fca2ccdbd4
In stock (3 available),£57.60,Two,0,,£0.00,Me Talk Pretty One Day,abc4a7ee16c21088
In stock (3 available),£13.51,One,0,,£0.00,Night (The Night Trilogy #1),c4d9fce9eff3b8ba
In stock (3 available),£43.69,Four,0,,£0.00,Legend (Legend #1),0ce8075fab4a2b5b
In stock (3 available),£55.46,Two,0,,£0.00,Midnight Riot (Peter Grant/ Rivers of London - books #1),e9056f9b5a40a301
In stock (3 available),£12.47,Three,0,,£0.00,Lila (Gilead #3),4ef75307fb64e2ad
In stock (3 available),£33.26,Two,0,,£0.00,"Life, the Universe and Everything (Hitchhiker's Guide to the Galaxy #3)",4b3f4f151c99f472
In stock (3 available),£29.40,One,0,,£0.00,Morning Star (Red Rising #3),7ce5a92baabb6bc0
In stock (3 available),£57.83,One,0,,£0.00,"Miracles from Heaven: A Little Girl, Her Journey to Heaven, and Her Amazing Story of Healing",7980fa06f2b704d8
In stock (3 available),£22.20,One,0,,£0.00,Letter to a Christian Nation,1de75f05d57bfc10
In stock (3 available),£11.87,Two,0,,£0.00,Lust & Wonder,0dcadb06206abd3c
In stock (3 available),£55.50,Five,0,,£0.00,"Lamb: The Gospel According to Biff, Christ's Childhood Pal",190fbebbf798c31a
In stock (3 available),£34.98,Two,0,,£0.00,Manuscript Found in Accra,546da23278482b0a
In stock (3 available),£25.02,One,0,,£0.00,"Lean In: Women, Work, and the Will to Lead",d5e1a9bfe22bbf9f
In stock (3 available),£45.11,One,0,,£0.00,Let's Pretend This Never Happened: A Mostly True Memoir,1246e4ffeb5ac4ea
In stock (3 available),£41.00,Five,0,,£0.00,Inferno (Robert Langdon #4),6c4646d90b60a56c
In stock (3 available),£37.52,Two,0,,£0.00,Horrible Bear!,cc1ac978a6835ef6
In stock (3 available),£56.70,Five,0,,£0.00,Into the Wild,a7c3f1010d64799a
In stock (3 available),£37.60,Five,0,,£0.00,Gone Girl,d5c588b6f9c015e4
In stock (3 available),£28.85,Three,0,,£0.00,"In the Garden of Beasts: Love, Terror, and an American Family in Hitler's Berlin",d8292cd5f1aca291
In stock (3 available),£20.11,Three,0,,£0.00,Is Everyone Hanging Out Without Me? (And Other Concerns),034829ffdd0a0aea
In stock (3 available),£49.97,Four,0,,£0.00,If I Run (If I Run #1),61569d12d4ae7161
In stock (3 available),£44.97,One,0,,£0.00,Jurassic Park (Jurassic Park #1),a0dd11f6abc421ec
In stock (3 available),£26.66,Five,0,,£0.00,Gratitude,c300cc9326592b65
In stock (3 available),£42.72,One,0,,£0.00,"Grayson, Vol 3: Nemesis (Grayson #3)",4f6985aca357ae09
In stock (3 available),£42.38,One,0,,£0.00,It's Never Too Late to Begin Again: Discovering Creativity and Meaning at Midlife and Beyond,d4a29356fc992879
In stock (3 available),£51.07,Two,0,,£0.00,Holidays on Ice,0cb4856be3694a57
In stock (3 available),£10.79,Four,0,,£0.00,Green Eggs and Ham (Beginner Books B-16),621e2c310cec8d32
In stock (3 available),£54.89,One,0,,£0.00,House of Leaves,557c03c284be1bf2
In stock (3 available),£28.88,Two,0,,£0.00,I Am Malala: The Girl Who Stood Up for Education and Was Shot by the Taliban,8010c7c148057fd3
In stock (3 available),£43.70,Two,0,,£0.00,"House of Lost Worlds: Dinosaurs, Dynasties, and the Story of Life on Earth",1812b8f5641287e3
In stock (3 available),£42.21,Four,0,,£0.00,Golden (Heart of Dread #3),984b3b6e7479b571
In stock (3 available),£19.69,One,0,,£0.00,I've Got Your Number,6b32b561dab8036c
In stock (3 available),£44.07,Four,0,,£0.00,Heir to the Sky,b003f8bb02f76dc5
In stock (3 available),£33.14,Three,0,,£0.00,Hungry Girl Clean & Hungry: Easy All-Natural Recipes for Healthy Eating in the Real World,6c4d17a46cac8787
In stock (3 available),£51.48,One,0,,£0.00,Do Androids Dream of Electric Sheep? (Blade Runner #1),98330e431e56a9ea
In stock (3 available),£46.83,Two,0,,£0.00,Girl in the Blue Coat,41fc5dce044f16f5
In stock (3 available),£51.22,Three,0,,£0.00,"Friday Night Lights: A Town, a Team, and a Dream",a9aa3ed5b316470b
In stock (3 available),£25.40,Three,0,,£0.00,Extreme Prey (Lucas Davenport #26),588ba85ff11a3263
In stock (3 available),£17.81,One,0,,£0.00,"David and Goliath: Underdogs, Misfits, and the Art of Battling Giants",d234ddecef49ef4e
In stock (3 available),£54.86,One,0,,£0.00,Dune (Dune #1),36d5884d44484277
In stock (3 available),£15.36,Five,0,,£0.00,Fifty Shades Freed (Fifty Shades #3),ed813a848580ba50
In stock (3 available),£38.62,One,0,,£0.00,Fellside,147019cae600694e
In stock (3 available),£21.28,Four,0,,£0.00,Fire Bound (Sea Haven/Sisters of the Heart #5),2ed3a794a70aa85f
In stock (3 available),£43.87,Three,0,,£0.00,Eragon (The Inheritance Cycle #1),b843f52a986a2914
In stock (3 available),£15.28,Five,0,,£0.00,Disrupted: My Misadventure in the Start-Up Bubble,81372abc86f65c79
In stock (3 available),£45.17,Two,0,,£0.00,"Fruits Basket, Vol. 3 (Fruits Basket #3)",d5f5a122a593b580
In stock (3 available),£49.13,Five,0,,£0.00,Crazy Rich Asians (Crazy Rich Asians #1),c9782ad2a0ed9331
In stock (3 available),£52.62,Three,0,,£0.00,Dracula,a7ec599c1a547746
In stock (3 available),£56.02,One,0,,£0.00,Darkfever (Fever #1),468bd274ac084bb9
In stock (3 available),£39.24,Five,0,,£0.00,Dead Wake: The Last Crossing of the Lusitania,04d858cdeeee0da4
In stock (3 available),£18.74,One,0,,£0.00,Eclipse (Twilight #3),73f71f9556442117
In stock (3 available),£36.17,Two,0,,£0.00,Cosmos,dbe33cf29ef1623d
In stock (3 available),£23.90,Five,0,,£0.00,Dark Places,66937c669c4da072
In stock (3 available),£10.62,One,0,,£0.00,Counting Thyme,157f693d9e600ccc
In stock (3 available),£37.35,Two,0,,£0.00,Catastrophic Happiness: Finding Joy in Childhood's Messy Years,ef49db2aaa9bb547
In stock (3 available),£26.09,One,0,,£0.00,Cinder (The Lunar Chronicles #1),7e9579921e5407cb
In stock (3 available),£21.55,Five,0,,£0.00,Beautiful Creatures (Caster Chronicles #1),5439bae708bca198
In stock (3 available),£38.35,Two,0,,£0.00,Beowulf,3fb69f34e178d494
In stock (3 available),£22.06,Four,0,,£0.00,Ash,5d22e2a46604b6e7
In stock (3 available),£21.12,Three,0,,£0.00,Boy Meets Boy,8e0bc2fe4e7d35b5
In stock (3 available),£49.31,One,0,,£0.00,"Black Butler, Vol. 1 (Black Butler #1)",15f415d436888b2d
In stock (3 available),£51.32,Five,0,,£0.00,Brave Enough,fd2337c1b73b686e
In stock (3 available),£22.11,One,0,,£0.00,Big Little Lies,d3f9c4539c0caa64
In stock (3 available),£24.72,Two,0,,£0.00,Career of Evil (Cormoran Strike #3),b461cf238506c5b8
In stock (3 available),£20.79,Five,0,,£0.00,Between Shades of Gray,155e42df837ee5ff
In stock (3 available),£35.28,Five,0,,£0.00,Breaking Dawn (Twilight #4),bbfc4a3b7b6c94a0
In stock (3 available),£56.58,One,0,,£0.00,Are We Smart Enough to Know How Smart Animals Are?,da0349a87c8caa2f
In stock (3 available),£38.02,Two,0,,£0.00,Awkward,1d89a2aa9f6ce50f
In stock (3 available),£59.95,Two,0,,£0.00,Civilization and Its Discontents,396385e3de5d18c3
In stock (3 available),£21.74,Five,0,,£0.00,Blink: The Power of Thinking Without Thinking,0bbc48294707ba96
In stock (3 available),£10.66,Three,0,,£0.00,Are We There Yet?,ef9c4f2465513956
In stock (3 available),£40.87,One,0,,£0.00,Black Flags: The Rise of ISIS,860318b8e244f39c
In stock (3 available),£27.41,Two,0,,£0.00,Best of My Love (Fool's Gold #20),67dea6c75d6a1075
In stock (3 available),£27.35,Two,0,,£0.00,"Born to Run: A Hidden Tribe, Superathletes, and the Greatest Race the World Has Never Seen",e256de8aa0c2115f
In stock (2 available),£11.75,Three,0,,£0.00,"Saga, Volume 2 (Saga (Collected Editions) #2)",9189fd009df41d0e
In stock (2 available),£16.78,Three,0,,£0.00,The Course of Love,f3c76b53b239f511
In stock (3 available),£36.83,Five,0,,£0.00,Annie on My Mind,7bf87402413c27ff
In stock (2 available),£24.42,One,0,,£0.00,Sugar Rush (Offensive Line #2),ce42e3de94226b2b
In stock (3 available),£31.22,Two,0,,£0.00,A Storm of Swords (A Song of Ice and Fire #3),87beabf664115d79
In stock (2 available),£34.00,Three,0,,£0.00,Kindle Paperwhite User's Guide,fb495f9f9015a772
In stock (2 available),£54.81,One,0,,£0.00,"The Sandman, Vol. 2: The Doll's House (The Sandman (volumes) #2)",276dc716b1da8899
In stock (3 available),£31.04,One,0,,£0.00,8 Keys to Mental Health Through Exercise,f5873c8fc7760000
In stock (2 available),£31.58,Five,0,,£0.00,Life,637e5a45062aa548
In stock (2 available),£31.38,Three,0,,£0.00,The Sense of an Ending,4130678275eb7c8c
In stock (2 available),£11.89,Two,0,,£0.00,"The Suffragettes (Little Black Classics, #96)",d2185b65af52d68c
In stock (3 available),£14.08,Five,0,,£0.00,A Visit from the Goon Squad,5dbd6ec4e154ad2f
In stock (2 available),£12.86,Four,0,,£0.00,New Moon (Twilight #2),6fa3ea52c8e31e06
In stock (3 available),£54.29,Five,0,,£0.00,A Heartbreaking Work of Staggering Genius,c9770bb1d5a492a0
In stock (2 available),£20.02,One,0,,£0.00,"Run, Spot, Run: The Ethics of Keeping Pets",b0e479be03911916
In stock (3 available),£30.48,Four,0,,£0.00,A Walk in the Woods: Rediscovering America on the Appalachian Trail,bcee4f289ff6699c
In stock (2 available),£53.47,One,0,,£0.00,Girl Online On Tour (Girl Online #2),97b8f130d32e9f4e
In stock (2 available),£57.42,Five,0,,£0.00,H is for Hawk,b6d3f4f4ee1f6069
In stock (3 available),£50.96,One,0,,£0.00,#GIRLBOSS,165affa7adb5eded
In stock (3 available),£35.01,Two,0,,£0.00,And Then There Were None,cfe350b20d23b02b
In stock (1 available),£39.51,Five,0,,£0.00,Ways of Seeing,66a4e422b212726a
In stock (1 available),£19.69,Five,0,,£0.00,The Zombie Room,9c96cd1329fbd82d
In stock (1 available),£36.52,Two,0,,£0.00,"The Wicked + The Divine, Vol. 1: The Faust Act (The Wicked + The Divine)",dac9d1e654fac737
In stock (1 available),£43.19,Four,0,,£0.00,The Story of Hong Gildong,32d035df92ab9080
In stock (1 available),£41.32,Five,0,,£0.00,While You Were Mine,8ceb5c6aed2c5f8b
In stock (1 available),£53.82,Two,0,,£0.00,Vampire Girl (Vampire Girl #1),dab5e75d1339706a
In stock (1 available),£51.96,Three,0,,£0.00,When I'm Gone,c5f91eb481427dc5
In stock (1 available),£30.95,Four,0,,£0.00,Twenty Love Poems and a Song of Despair,e63c3f25338baf9a
In stock (1 available),£41.56,Five,0,,£0.00,The Tumor,6514add13c82b115
In stock (1 available),£44.18,Two,0,,£0.00,Three Wishes (River of Time: California #1),460f97a346b44bac
In stock (2 available),£52.88,Four,0,,£0.00,Diary of a Minecraft Zombie Book 1: A Scare of a Dare (An Unofficial Minecraft Book),d7b463918d3b8c39
In stock (1 available),£39.77,Three,0,,£0.00,Where Lightning Strikes (Bleeding Stars #3),def389ddfda6991b
In stock (1 available),£18.51,Four,0,,£0.00,"Y: The Last Man, Vol. 1: Unmanned (Y: The Last Man #1)",09d26b5f819c6a36
In stock (2 available),£11.64,Five,0,,£0.00,"Fruits Basket, Vol. 2 (Fruits Basket #2)",c0db71f6bb14db11
In stock (1 available),£12.34,Five,0,,£0.00,The Silent Wife,b78deb463531d078
In stock (1 available),£57.82,Five,0,,£0.00,Travels with Charley: In Search of America,0268f149d014b389
In stock (1 available),£29.45,One,0,,£0.00,The Selfish Gene,6f2c0a9adbb2bca9
In stock (1 available),£15.40,One,0,,£0.00,"Vampire Knight, Vol. 1 (Vampire Knight #1)",e7e87087b1a44711
In stock (1 available),£36.25,Three,0,,£0.00,The Silent Twin (Detective Jennifer Knight #3),9e9932ae1a7d0943
In stock (1 available),£48.71,One,0,,£0.00,This One Moment (Pushing Limits #1),d6d98d3508c30f57
In stock (1 available),£19.18,Four,0,,£0.00,The Edge of Reason (Bridget Jones #2),29fc016c459aeb14
In stock (1 available),£54.43,One,0,,£0.00,The Light of the Fireflies,04e43893e32f9d29
In stock (1 available),£14.40,One,0,,£0.00,The End of the Jesus Era (An Investigation #1),09659d1639a1f978
In stock (1 available),£16.16,One,0,,£0.00,The Iliad,86d8bd7afa5b51b3
In stock (1 available),£50.59,Three,0,,£0.00,The Name of the Wind (The Kingkiller Chronicle #1),c8614adb1a90b027
In stock (1 available),£45.42,Two,0,,£0.00,The Little Prince,1aeca7d078d57deb
In stock (1 available),£36.34,One,0,,£0.00,The Nicomachean Ethics,5c10b64db3e4f228
In stock (1 available),£57.70,Four,0,,£0.00,The No. 1 Ladies' Detective Agency (No. 1 Ladies' Detective Agency #1),b0913e67d38d5ed5
In stock (1 available),£33.78,Three,0,,£0.00,The Republic,0ec9d2b018fb10d8
In stock (1 available),£29.38,One,0,,£0.00,The Mirror & the Maze (The Wrath and the Dawn #1.5),c40b70e0f6d80189
In stock (1 available),£27.89,Five,0,,£0.00,The Haters,fff8a057a40c4a60
In stock (1 available),£36.29,Five,0,,£0.00,The Hook Up (Game On #1),6e473eff459e809f
In stock (1 available),£36.26,Two,0,,£0.00,The Last Girl (The Dominion Trilogy #1),16c71736dae78764
In stock (1 available),£12.29,Five,0,,£0.00,The Girl You Lost,4280ac3eab57aa5d
In stock (1 available),£29.64,Three,0,,£0.00,The Odyssey,f0512adadffd2480
In stock (1 available),£54.12,Three,0,,£0.00,"The Sandman, Vol. 1: Preludes and Nocturnes (The Sandman (volumes) #1)",5faefdc861684eb1
In stock (1 available),£34.56,Three,0,,£0.00,The Secret Healer,38f776ab9118aed7
In stock (1 available),£14.76,Three,0,,£0.00,The Communist Manifesto,18b4545a5ed15581
In stock (1 available),£10.64,Three,0,,£0.00,The Complete Maus (Maus #1-2),3301af038a720587
In stock (1 available),£15.85,Three,0,,£0.00,The Girl In The Ice (DCI Erika Foster #1),ee61197edb882599
In stock (1 available),£30.66,Three,0,,£0.00,The Bette Davis Club,dfb0849016bc122c
In stock (1 available),£46.96,Five,0,,£0.00,"Rat Queens, Vol. 1: Sass & Sorcery (Rat Queens (Collected Editions) #1-5)",3cdca3b4a93980f5
In stock (1 available),£18.88,Two,0,,£0.00,Taking Shots (Assassins #1),a7eef9d6795422c1
In stock (1 available),£40.83,Four,0,,£0.00,The Art of Not Breathing,5bc1fbccfbf2355c
In stock (1 available),£13.33,Three,0,,£0.00,Sister Sable (The Mad Queen #1),3a9a7c5895e82646
In stock (1 available),£28.34,Two,0,,£0.00,"Rhythm, Chord & Malykhin",9efb397067eb7e8a
In stock (1 available),£57.49,Three,0,,£0.00,The Bhagavad Gita,f3a0b8c835129558
In stock (1 available),£42.12,Three,0,,£0.00,"Skip Beat!, Vol. 01 (Skip Beat! #1)",2ac720f76384c57e
In stock (1 available),£29.87,Three,0,,£0.00,"Ouran High School Host Club, Vol. 1 (Ouran High School Host Club #1)",326825e02a198cf6
In stock (1 available),£42.40,One,0,,£0.00,Shatter Me (Shatter Me #1),9ed7090d8fa690b0
In stock (1 available),£37.46,One,0,,£0.00,Sense and Sensibility,35e44170702139a4
In stock (1 available),£25.83,Three,0,,£0.00,Starlark,e25164e5b3fe208b
In stock (1 available),£21.71,Four,0,,£0.00,"Paper Girls, Vol. 1 (Paper Girls #1-5)",bcbcbcf0f6ed196f
In stock (1 available),£52.94,Two,0,,£0.00,One Second (Seven #7),7ea31f38675b91c1
In stock (1 available),£21.72,Four,0,,£0.00,Shadow Rites (Jane Yellowrock #10),229cd6564bf0dce4
In stock (1 available),£24.96,One,0,,£0.00,Paradise Lost (Paradise #1),849db7ab7f4a640c
In stock (1 available),£28.99,One,0,,£0.00,Origins (Alphas 0.5),8932e5c12f12ffed
In stock (1 available),£44.91,Two,0,,£0.00,Settling the Score (The Summer Games #1),132adf7335bb384a
In stock (1 available),£58.35,Three,0,,£0.00,Shameless,c068c013d6921fea
In stock (1 available),£28.48,One,0,,£0.00,"Saga, Volume 1 (Saga (Collected Editions) #1)",4f64568dfefa3ce7
In stock (1 available),£32.36,Three,0,,£0.00,On the Road (Duluoz Legend),9ff997ab15713e53
In stock (1 available),£28.34,One,0,,£0.00,Matilda,1053fb7ee17a1f33
In stock (1 available),£58.75,Four,0,,£0.00,Myriad (Prentor #1),63e20a0f98218a87
In stock (1 available),£45.24,Three,0,,£0.00,"Hawkeye, Vol. 1: My Life as a Weapon (Hawkeye #1)",6fe02600f322a0a9
In stock (1 available),£34.96,Four,0,,£0.00,Having the Barbarian's Baby (Ice Planet Barbarians #7.5),6717a70913b3db79
In stock (1 available),£27.70,Four,0,,£0.00,Lost Among the Living,d510567580c8be52
In stock (1 available),£25.89,Two,0,,£0.00,Meditations,4f19709e47883df5
In stock (1 available),£38.43,Five,0,,£0.00,Jane Eyre,8d390a1fc3133d06
In stock (1 available),£39.45,Five,0,,£0.00,Off Sides (Off #1),b6f1cfadc4dd79d4
In stock (1 available),£57.20,Five,0,,£0.00,Kitchens of the Great Midwest,06f6a57a6d532844
In stock (1 available),£40.44,Four,0,,£0.00,Icing (Aces Hockey #2),3455b45888fb5053
In stock (1 available),£38.92,Two,0,,£0.00,My Perfect Mistake (Over the Top #1),fd78f89878479f56
In stock (1 available),£24.89,Three,0,,£0.00,Lord of the Flies,71a6471bbdac21d9
In stock (1 available),£47.11,Two,0,,£0.00,Of Mice and Men,39592d9d72e717c4
In stock (1 available),£39.39,Four,0,,£0.00,"Ms. Marvel, Vol. 1: No Normal (Ms. Marvel (2014-2015) #1)",35a60467893aa168
In stock (1 available),£55.66,Two,0,,£0.00,Old Records Never Die: One Man's Quest for His Vinyl and His Past,a1985630339f4b3d
In stock (1 available),£34.74,Four,0,,£0.00,Imperfect Harmony,f28f7299d38c0932
In stock (1 available),£58.99,Three,0,,£0.00,Listen to Me (Fusion #1),6e712ea24e77bd96
In stock (1 available),£56.76,Four,0,,£0.00,"Giant Days, Vol. 1 (Giant Days #1-4)",eb0fe24bbc845ecc
In stock (1 available),£40.28,Five,0,,£0.00,"Fruits Basket, Vol. 1 (Fruits Basket #1)",72e6fbf4f6382557
In stock (1 available),£57.06,Four,0,,£0.00,"Ajin: Demi-Human, Volume 1 (Ajin: Demi-Human #1)",bfd5e1701c862ac3
In stock (1 available),£22.85,Three,0,,£0.00,Charlie and the Chocolate Factory (Charlie Bucket #1),1774749f2cee292f
In stock (1 available),£41.24,One,0,,£0.00,Charity's Cross (Charles Towne Belles #4),a96404cb928895f3
In stock (1 available),£38.00,Two,0,,£0.00,Frankenstein,a492f49a3e2b6a71
In stock (1 available),£55.53,One,0,,£0.00,Alice in Wonderland (Alice's Adventures in Wonderland #1),cd2a2a70dd5d176d
In stock (1 available),£43.38,One,0,,£0.00,Beyond Good and Evil,08672cd59171d5e4
In stock (1 available),£20.30,Three,0,,£0.00,Blood Defense (Samantha Brinkman #1),95cdfd514098c38b
In stock (1 available),£28.42,Four,0,,£0.00,Choosing Our Religion: The Spiritual Lives of America's Nones,a812f6969ddf3e39
In stock (1 available),£51.32,Three,0,,£0.00,"Eat, Pray, Love",df56868afd166557
In stock (1 available),£32.93,Two,0,,£0.00,Emma,2e69730561ed70ad
In stock (1 available),£34.65,Five,0,,£0.00,"Bleach, Vol. 1: Strawberry and the Soul Reapers (Bleach #1)",099fae4a0705d63b
In stock (1 available),£39.24,Three,0,,£0.00,Fighting Fate (Fighting #6),6390772a3094939d
In stock (1 available),£26.08,Five,0,,£0.00,"1,000 Places to See Before You Die",228ba5e7577e1d49
In stock (1 available),£47.09,Five,0,,£0.00,Deep Under (Walker Security #1),0072b94dfa30608e
In stock (1 available),£28.80,Three,0,,£0.00,Forever Rockers (The Rocker #12),e564c3f1a93ccf2e
In stock (1 available),£37.26,Four,0,,£0.00,Bounty (Colorado Mountain #7),abc0b15f2c907ff0
In stock (1 available),£16.97,Five,0,,£0.00,A Spy's Devotion (The Regency Spies of London #1),19fec36a1dfb4c16
In stock (1 available),£53.98,One,0,,£0.00,1st to Die (Women's Murder Club #1),f684a82adc49f011
In stock (1 available),£29.82,One,0,,£0.00,Bridget Jones's Diary (Bridget Jones #1),a2b4b685dfa94733
In stock (1 available),£39.07,Five,0,,£0.00,Bright Lines,230ac636ea0ea415
